customer_offer_id,customer_offer,customer_offer_description,customer_id,offer_expiry_date,max_usage,status
1,34,Business-focused fresh-thinking synergy,1,6/16/2019,9,No
2,48,Centralized intermediate installation,2,5/12/2019,5,No
3,20,Visionary global intranet,3,9/18/2019,7,No
4,36,Synergistic client-server open system,4,6/12/2019,4,Yes
5,16,Open-architected actuating forecast,5,6/7/2019,4,No
6,72,Horizontal attitude-oriented support,6,9/23/2019,7,No
7,59,Polarised next generation forecast,7,8/1/2019,3,Yes
8,43,Focused global capacity,8,6/2/2019,8,No
9,30,Horizontal disintermediate hierarchy,9,5/11/2019,5,Yes
10,79,Polarised well-modulated help-desk,10,7/5/2019,7,No
11,45,Switchable multimedia software,11,8/2/2019,8,No
12,33,Organic secondary productivity,12,5/28/2019,5,Yes
13,4,Ameliorated web-enabled installation,13,9/29/2019,1,Yes
14,77,Synchronised well-modulated data-warehouse,14,5/16/2019,3,No
15,4,Upgradable global capacity,15,6/27/2019,8,Yes
16,6,Team-oriented bifurcated collaboration,16,7/23/2019,4,Yes
17,39,Fully-configurable disintermediate protocol,17,6/23/2019,8,No
18,52,Vision-oriented solution-oriented contingency,18,5/5/2019,5,No
19,29,Persistent discrete installation,19,8/31/2019,2,No
20,31,Diverse even-keeled emulation,20,9/27/2019,9,Yes
21,7,Right-sized static neural-net,21,9/21/2019,7,No
22,44,Upgradable 24 hour model,22,6/19/2019,5,No
23,57,Extended exuding protocol,23,9/14/2019,5,No
24,32,Focused demand-driven ability,24,8/15/2019,4,Yes
25,1,User-friendly tertiary function,25,8/15/2019,5,Yes
26,69,Pre-emptive local leverage,26,7/16/2019,10,Yes
27,54,Organized neutral alliance,27,8/4/2019,9,Yes
28,74,Re-engineered intermediate installation,28,7/22/2019,2,Yes
29,57,User-centric zero administration knowledge base,29,8/7/2019,7,No
30,18,Distributed directional moratorium,30,9/2/2019,2,Yes
31,8,Cross-platform value-added budgetary management,31,9/22/2019,6,Yes
32,76,Multi-lateral client-server success,32,9/4/2019,1,Yes
33,58,Customer-focused system-worthy local area network,33,5/10/2019,6,Yes
34,55,Business-focused bottom-line architecture,34,5/22/2019,5,No
35,17,Optional actuating flexibility,35,9/5/2019,9,No
36,63,Team-oriented bottom-line circuit,36,7/13/2019,3,No
37,71,Organic local extranet,37,6/17/2019,4,No
38,61,Extended contextually-based core,38,7/12/2019,7,No
39,60,Stand-alone background strategy,39,8/30/2019,4,Yes
40,26,Cross-platform heuristic workforce,40,9/28/2019,3,No
41,19,Progressive hybrid ability,41,9/2/2019,1,No
42,9,Diverse homogeneous middleware,42,5/25/2019,7,Yes
43,47,Networked interactive installation,43,8/11/2019,7,Yes
44,56,Front-line explicit utilisation,44,6/20/2019,4,No
45,34,Enterprise-wide context-sensitive help-desk,45,7/14/2019,2,Yes
46,51,Face to face intangible synergy,46,9/16/2019,3,Yes
47,17,Automated dedicated functionalities,47,5/18/2019,3,Yes
48,57,Upgradable client-server middleware,48,8/7/2019,5,Yes
49,17,Mandatory stable flexibility,49,5/16/2019,10,No
50,44,Programmable upward-trending monitoring,50,6/20/2019,7,Yes
51,40,Assimilated foreground data-warehouse,51,5/6/2019,4,Yes
52,22,Multi-layered interactive migration,52,9/5/2019,2,Yes
53,71,Digitized high-level help-desk,53,7/22/2019,9,No
54,7,Down-sized scalable process improvement,54,6/15/2019,6,Yes
55,27,Re-engineered solution-oriented local area network,55,8/29/2019,7,No
56,47,Re-engineered dynamic Graphical User Interface,56,7/22/2019,8,No
57,12,Up-sized real-time core,57,9/1/2019,10,Yes
58,68,Synergistic methodical secured line,58,6/29/2019,8,No
59,76,Reactive composite product,59,8/14/2019,7,Yes
60,21,Optimized hybrid capability,60,7/17/2019,1,No
61,28,Managed well-modulated data-warehouse,61,8/19/2019,4,No
62,6,Diverse intangible infrastructure,62,7/7/2019,4,No
63,52,Ergonomic systemic approach,63,9/23/2019,9,Yes
64,31,Centralized maximized structure,64,5/26/2019,9,Yes
65,21,Pre-emptive client-driven conglomeration,65,9/13/2019,10,Yes
66,1,Switchable next generation functionalities,66,5/22/2019,7,No
67,47,Right-sized systematic Graphical User Interface,67,8/7/2019,8,No
68,18,Public-key zero defect policy,68,8/28/2019,3,No
69,37,Realigned disintermediate help-desk,69,7/5/2019,6,No
70,30,Cross-group motivating portal,70,5/27/2019,6,No
71,57,Seamless tertiary approach,71,6/27/2019,8,No
72,72,De-engineered explicit internet solution,72,9/26/2019,7,No
73,17,Re-contextualized national application,73,8/22/2019,1,Yes
74,46,Balanced logistical utilisation,74,6/27/2019,2,No
75,24,Visionary tangible budgetary management,75,9/12/2019,8,Yes
76,14,Phased multi-state product,76,7/23/2019,3,No
77,53,Centralized national extranet,77,8/27/2019,8,No
78,46,Operative clear-thinking strategy,78,5/22/2019,5,Yes
79,27,Programmable client-server website,79,8/29/2019,8,No
80,6,Versatile solution-oriented function,80,8/14/2019,5,No
81,42,Versatile bandwidth-monitored software,81,9/24/2019,3,No
82,23,Down-sized radical Graphic Interface,82,6/22/2019,4,Yes
83,51,Upgradable impactful model,83,7/17/2019,8,No
84,44,Profound content-based model,84,5/3/2019,7,No
85,40,Secured multi-tasking intranet,85,6/14/2019,5,Yes
86,37,Integrated scalable help-desk,86,6/1/2019,1,Yes
87,29,Face to face 5th generation data-warehouse,87,9/16/2019,3,Yes
88,63,Assimilated maximized installation,88,7/12/2019,8,Yes
89,27,De-engineered incremental info-mediaries,89,8/12/2019,3,No
90,8,Synergized actuating utilisation,90,8/14/2019,4,No
91,15,Assimilated mission-critical benchmark,91,5/24/2019,5,No
92,1,Managed analyzing process improvement,92,7/13/2019,8,Yes
93,7,Profit-focused human-resource complexity,93,6/28/2019,1,No
94,24,Fundamental multi-state strategy,94,7/19/2019,8,Yes
95,46,Multi-layered value-added application,95,9/1/2019,10,No
96,45,Compatible holistic core,96,5/10/2019,8,No
97,63,Persistent bottom-line synergy,97,8/8/2019,9,Yes
98,23,Reduced asymmetric architecture,98,9/24/2019,5,No
99,41,Front-line contextually-based paradigm,99,6/7/2019,8,Yes
100,80,Synchronised holistic forecast,100,8/23/2019,5,Yes
101,25,Reduced intermediate info-mediaries,101,7/26/2019,8,No
102,44,Decentralized client-driven knowledge base,102,8/7/2019,8,Yes
103,51,Robust cohesive protocol,103,7/23/2019,3,No
104,42,Operative maximized focus group,104,6/9/2019,2,No
105,35,Focused demand-driven portal,105,9/23/2019,9,Yes
106,15,Multi-tiered asymmetric hardware,106,5/19/2019,2,Yes
107,48,Digitized multi-tasking matrix,107,9/25/2019,9,No
108,62,Networked modular policy,108,9/25/2019,7,No
109,57,Persevering methodical intranet,109,7/26/2019,7,Yes
110,54,Vision-oriented interactive encryption,110,5/10/2019,4,Yes
111,14,Automated responsive workforce,111,8/7/2019,7,Yes
112,44,Extended uniform encoding,112,6/28/2019,1,Yes
113,41,Fully-configurable local artificial intelligence,113,8/6/2019,1,Yes
114,80,Fully-configurable bottom-line intranet,114,8/21/2019,3,Yes
115,35,Public-key dedicated solution,115,7/29/2019,8,No
116,33,Universal motivating superstructure,116,7/12/2019,8,Yes
117,39,User-friendly client-server functionalities,117,6/25/2019,2,Yes
118,62,Multi-channelled hybrid system engine,118,5/31/2019,1,No
119,42,Multi-tiered non-volatile projection,119,5/12/2019,8,Yes
120,59,User-centric system-worthy circuit,120,8/4/2019,9,Yes
121,18,User-centric bifurcated functionalities,121,5/27/2019,4,Yes
122,5,Persistent systemic array,122,8/17/2019,7,No
123,40,Balanced dedicated capability,123,5/13/2019,8,No
124,64,Vision-oriented clear-thinking initiative,124,5/2/2019,4,Yes
125,66,Ameliorated attitude-oriented Graphical User Interface,125,8/16/2019,2,No
126,35,Down-sized tertiary Graphical User Interface,126,5/31/2019,8,No
127,68,Reduced clear-thinking flexibility,127,8/16/2019,8,Yes
128,10,Open-architected radical circuit,128,5/8/2019,3,Yes
129,62,User-friendly 24/7 firmware,129,8/5/2019,6,No
130,52,Exclusive radical pricing structure,130,9/3/2019,6,Yes
131,8,Enhanced bottom-line definition,131,8/20/2019,3,Yes
132,71,Future-proofed scalable concept,132,6/6/2019,8,No
133,11,User-centric bottom-line database,133,6/4/2019,1,Yes
134,18,Streamlined bifurcated extranet,134,7/5/2019,3,No
135,38,Virtual maximized initiative,135,8/29/2019,5,No
136,39,Persevering foreground parallelism,136,8/30/2019,6,No
137,6,Open-architected cohesive groupware,137,6/3/2019,5,Yes
138,31,Seamless next generation productivity,138,6/23/2019,9,Yes
139,57,Profound directional analyzer,139,8/16/2019,8,Yes
140,63,Seamless analyzing Graphic Interface,140,7/11/2019,3,No
141,35,Intuitive responsive migration,141,9/27/2019,10,Yes
142,72,Robust solution-oriented moratorium,142,6/1/2019,3,No
143,46,Inverse dedicated superstructure,143,7/26/2019,7,Yes
144,31,Integrated 24 hour forecast,144,5/24/2019,7,No
145,37,Synergized bi-directional complexity,145,7/13/2019,1,Yes
146,80,Integrated full-range definition,146,7/4/2019,1,No
147,50,Monitored incremental capability,147,5/17/2019,5,Yes
148,2,Robust mobile collaboration,148,7/7/2019,5,No
149,48,Exclusive 6th generation analyzer,149,7/8/2019,10,Yes
150,42,Configurable client-driven internet solution,150,6/22/2019,7,No
151,40,Realigned executive flexibility,151,7/28/2019,8,Yes
152,1,Organized modular local area network,152,6/29/2019,1,Yes
153,64,Upgradable demand-driven ability,153,5/13/2019,9,No
154,7,Enhanced zero administration data-warehouse,154,5/11/2019,5,Yes
155,78,Up-sized mission-critical application,155,6/30/2019,1,Yes
156,71,Optimized radical help-desk,156,8/15/2019,5,No
157,64,Upgradable optimal middleware,157,5/31/2019,6,Yes
158,66,Organized multimedia utilisation,158,7/7/2019,7,Yes
159,70,Customer-focused fault-tolerant groupware,159,6/25/2019,8,No
160,20,Total full-range definition,160,9/7/2019,10,No
161,1,Cross-group motivating contingency,161,6/9/2019,6,No
162,52,Cloned bi-directional Graphical User Interface,162,6/21/2019,4,No
163,5,Extended user-facing function,163,8/5/2019,1,No
164,7,Total multi-state open system,164,6/29/2019,10,Yes
165,80,Up-sized systemic encoding,165,5/3/2019,4,Yes
166,38,Face to face 3rd generation core,166,7/16/2019,6,Yes
167,71,Robust cohesive challenge,167,5/30/2019,7,No
168,27,Ergonomic interactive migration,168,5/31/2019,7,No
169,72,Quality-focused intermediate middleware,169,5/23/2019,4,No
170,34,Reduced actuating protocol,170,9/28/2019,9,No
171,41,Operative multi-tasking local area network,171,8/17/2019,5,No
172,20,Phased interactive extranet,172,5/9/2019,8,Yes
173,79,Synchronised scalable open architecture,173,8/10/2019,2,Yes
174,61,Reactive reciprocal middleware,174,6/25/2019,8,No
175,33,Reactive dynamic initiative,175,7/23/2019,10,No
176,46,Adaptive regional forecast,176,5/12/2019,2,No
177,17,Programmable client-server orchestration,177,9/29/2019,4,Yes
178,70,Optional homogeneous methodology,178,6/26/2019,1,No
179,75,Exclusive bifurcated support,179,7/15/2019,4,Yes
180,55,Multi-channelled fresh-thinking attitude,180,8/30/2019,5,No
181,17,Organic content-based knowledge user,181,8/21/2019,2,Yes
182,60,Grass-roots logistical help-desk,182,8/4/2019,9,Yes
183,12,Integrated logistical archive,183,7/26/2019,10,Yes
184,43,Switchable impactful intranet,184,7/22/2019,10,Yes
185,3,Intuitive human-resource hardware,185,8/17/2019,8,No
186,72,Synergistic dynamic productivity,186,6/19/2019,8,Yes
187,5,Advanced upward-trending moratorium,187,8/4/2019,7,Yes
188,60,Switchable scalable time-frame,188,7/17/2019,2,Yes
189,40,User-friendly methodical database,189,7/19/2019,9,No
190,53,Synchronised system-worthy synergy,190,8/21/2019,1,Yes
191,1,Organic bandwidth-monitored hardware,191,8/1/2019,8,No
192,2,Team-oriented scalable functionalities,192,8/15/2019,4,Yes
193,78,Extended mission-critical software,193,6/5/2019,6,Yes
194,40,Customer-focused value-added implementation,194,5/19/2019,6,Yes
195,37,Secured tangible ability,195,5/27/2019,3,Yes
196,5,Integrated holistic attitude,196,6/19/2019,5,No
197,21,Multi-lateral multi-state function,197,7/5/2019,7,No
198,66,Reverse-engineered eco-centric website,198,9/1/2019,10,No
199,43,Function-based reciprocal parallelism,199,6/26/2019,10,Yes
200,56,Versatile zero administration archive,200,7/16/2019,6,Yes
201,34,Right-sized well-modulated workforce,201,9/20/2019,1,Yes
202,52,Virtual mission-critical time-frame,202,6/7/2019,3,Yes
203,7,Sharable fresh-thinking budgetary management,203,9/27/2019,8,Yes
204,79,Balanced coherent adapter,204,6/7/2019,4,No
205,1,Profound background standardization,205,9/15/2019,6,No
206,63,Enhanced solution-oriented attitude,206,7/30/2019,9,No
207,67,Distributed clear-thinking service-desk,207,7/10/2019,7,No
208,3,Polarised demand-driven intranet,208,5/2/2019,4,Yes
209,61,Multi-tiered non-volatile monitoring,209,8/18/2019,1,Yes
210,61,Integrated client-server alliance,210,8/26/2019,1,Yes
211,1,Monitored transitional utilisation,211,9/7/2019,8,Yes
212,24,Vision-oriented tangible data-warehouse,212,6/28/2019,6,No
213,71,Reduced hybrid protocol,213,6/30/2019,6,Yes
214,2,Cross-platform asynchronous infrastructure,214,6/15/2019,5,Yes
215,67,Implemented bottom-line toolset,215,7/27/2019,4,Yes
216,3,Automated demand-driven definition,216,8/24/2019,6,Yes
217,78,Reverse-engineered foreground pricing structure,217,8/25/2019,10,No
218,7,Sharable optimal encryption,218,8/23/2019,5,Yes
219,78,Intuitive foreground middleware,219,7/12/2019,1,Yes
220,78,Team-oriented content-based migration,220,6/7/2019,3,No
221,78,Exclusive actuating neural-net,221,5/4/2019,1,Yes
222,39,Implemented multi-state matrices,222,7/3/2019,10,Yes
223,8,Profound didactic Graphical User Interface,223,8/8/2019,10,Yes
224,76,Triple-buffered static system engine,224,6/28/2019,2,No
225,70,Upgradable mobile framework,225,9/22/2019,10,No
226,12,Future-proofed non-volatile emulation,226,6/10/2019,7,No
227,42,Team-oriented object-oriented approach,227,5/21/2019,8,No
228,10,Re-contextualized attitude-oriented alliance,228,6/17/2019,9,No
229,7,Public-key 5th generation moderator,229,6/13/2019,3,Yes
230,0,Versatile radical adapter,230,7/8/2019,7,No
231,45,Reduced actuating moderator,231,7/6/2019,9,Yes
232,54,Ergonomic directional throughput,232,7/29/2019,1,Yes
233,20,Reactive incremental encoding,233,6/20/2019,3,Yes
234,5,Business-focused tertiary paradigm,234,8/14/2019,10,Yes
235,40,Switchable mobile firmware,235,6/19/2019,6,No
236,22,Grass-roots executive customer loyalty,236,6/18/2019,7,No
237,60,Re-contextualized multimedia implementation,237,6/30/2019,4,Yes
238,77,Mandatory zero defect focus group,238,7/19/2019,3,No
239,57,Mandatory directional initiative,239,5/3/2019,1,Yes
240,68,Persevering bandwidth-monitored task-force,240,9/5/2019,10,Yes
241,9,Optimized logistical productivity,241,5/18/2019,4,No
242,42,Front-line object-oriented analyzer,242,8/15/2019,4,No
243,55,Persevering fault-tolerant website,243,9/9/2019,10,Yes
244,34,Decentralized demand-driven superstructure,244,5/18/2019,10,Yes
245,36,Reduced client-driven orchestration,245,9/24/2019,10,No
246,35,Cross-platform foreground infrastructure,246,5/6/2019,7,No
247,60,Automated upward-trending intranet,247,8/26/2019,8,Yes
248,24,Team-oriented background monitoring,248,9/14/2019,10,Yes
249,17,Total foreground website,249,6/9/2019,10,Yes
250,28,Visionary intermediate info-mediaries,250,9/24/2019,3,No
251,36,Total content-based paradigm,251,8/15/2019,10,Yes
252,75,Profit-focused local forecast,252,5/29/2019,8,No
253,29,Reverse-engineered dynamic installation,253,5/16/2019,10,Yes
254,28,Pre-emptive grid-enabled access,254,8/22/2019,4,Yes
255,22,Realigned optimal matrix,255,7/15/2019,1,Yes
256,35,Stand-alone asymmetric function,256,6/11/2019,10,Yes
257,73,User-friendly object-oriented intranet,257,8/9/2019,6,Yes
258,61,Extended grid-enabled structure,258,9/4/2019,4,Yes
259,48,Digitized multi-state installation,259,6/16/2019,8,No
260,16,Sharable holistic instruction set,260,6/4/2019,8,No
261,40,Robust background model,261,5/3/2019,9,Yes
262,28,Centralized disintermediate matrices,262,8/21/2019,3,No
263,75,Public-key needs-based synergy,263,9/8/2019,2,No
264,65,Re-contextualized stable orchestration,264,8/23/2019,3,No
265,51,Customer-focused optimizing hub,265,9/6/2019,9,Yes
266,20,Optional disintermediate pricing structure,266,8/2/2019,1,Yes
267,79,Re-contextualized didactic toolset,267,7/29/2019,8,No
268,76,Up-sized foreground hierarchy,268,7/4/2019,7,Yes
269,27,Assimilated upward-trending info-mediaries,269,9/18/2019,5,No
270,25,Ameliorated client-driven support,270,6/22/2019,8,Yes
271,7,User-centric clear-thinking workforce,271,8/15/2019,7,Yes
272,79,Enhanced web-enabled hardware,272,6/19/2019,4,No
273,15,Up-sized upward-trending architecture,273,9/7/2019,3,Yes
274,11,Adaptive exuding info-mediaries,274,5/23/2019,4,No
275,59,Decentralized neutral extranet,275,9/25/2019,10,No
276,53,Team-oriented high-level support,276,8/17/2019,4,No
277,23,Managed intermediate artificial intelligence,277,8/14/2019,8,No
278,14,Multi-tiered client-driven paradigm,278,7/12/2019,2,No
279,65,Profit-focused client-driven time-frame,279,5/23/2019,5,Yes
280,47,De-engineered fresh-thinking Graphic Interface,280,7/22/2019,9,No
281,78,Up-sized value-added installation,281,7/2/2019,1,Yes
282,15,Triple-buffered context-sensitive hierarchy,282,6/22/2019,8,No
283,61,Horizontal needs-based service-desk,283,5/26/2019,7,Yes
284,30,Up-sized value-added focus group,284,8/3/2019,3,Yes
285,65,Secured homogeneous open system,285,5/2/2019,8,Yes
286,56,Front-line coherent array,286,9/12/2019,5,No
287,7,Assimilated needs-based strategy,287,7/13/2019,9,Yes
288,54,Open-architected background parallelism,288,8/3/2019,9,Yes
289,9,Visionary mission-critical application,289,9/13/2019,8,No
290,66,Quality-focused grid-enabled policy,290,5/3/2019,4,Yes
291,64,Phased context-sensitive Graphic Interface,291,7/27/2019,8,No
292,57,Operative multimedia moratorium,292,7/31/2019,5,Yes
293,36,Front-line composite algorithm,293,8/24/2019,10,No
294,19,Proactive attitude-oriented time-frame,294,9/25/2019,1,No
295,63,Customer-focused global portal,295,7/17/2019,7,Yes
296,67,Function-based analyzing local area network,296,8/5/2019,4,No
297,53,Quality-focused 24 hour capability,297,6/11/2019,6,No
298,35,Cloned 5th generation archive,298,8/7/2019,2,No
299,32,Innovative background policy,299,7/14/2019,5,No
300,3,Decentralized systematic structure,300,9/2/2019,4,No
301,50,Persevering cohesive productivity,301,5/28/2019,1,No
302,36,Decentralized regional project,302,8/26/2019,4,Yes
303,6,Centralized solution-oriented matrices,303,8/6/2019,7,Yes
304,69,Function-based national model,304,6/3/2019,4,Yes
305,10,Cross-platform discrete methodology,305,7/1/2019,1,Yes
306,20,Multi-lateral intermediate solution,306,8/20/2019,10,Yes
307,43,Future-proofed attitude-oriented leverage,307,9/13/2019,1,No
308,43,Adaptive systemic methodology,308,7/8/2019,8,No
309,42,Vision-oriented local framework,309,7/13/2019,2,No
310,3,Multi-tiered fault-tolerant internet solution,310,9/12/2019,9,Yes
311,65,Diverse directional collaboration,311,7/23/2019,3,Yes
312,28,Up-sized asynchronous secured line,312,8/5/2019,5,Yes
313,14,Enterprise-wide grid-enabled paradigm,313,7/27/2019,8,No
314,40,Persistent directional customer loyalty,314,5/31/2019,6,No
315,39,Future-proofed impactful Graphical User Interface,315,5/7/2019,9,Yes
316,65,Optional 6th generation workforce,316,7/11/2019,4,No
317,65,Operative secondary groupware,317,6/11/2019,2,Yes
318,29,Extended multi-tasking concept,318,8/30/2019,4,No
319,44,Sharable regional info-mediaries,319,6/17/2019,5,No
320,62,Extended grid-enabled extranet,320,9/4/2019,2,Yes
321,54,Multi-tiered intangible access,321,5/6/2019,1,Yes
322,44,Proactive impactful standardization,322,6/9/2019,3,Yes
323,50,Team-oriented foreground matrices,323,9/16/2019,5,No
324,63,Optional secondary middleware,324,6/21/2019,8,No
325,0,Profit-focused needs-based encryption,325,6/8/2019,5,Yes
326,5,Business-focused upward-trending circuit,326,7/12/2019,8,No
327,36,Monitored object-oriented data-warehouse,327,6/7/2019,4,No
328,55,Re-contextualized non-volatile function,328,8/1/2019,10,Yes
329,0,Fundamental regional archive,329,6/3/2019,2,Yes
330,62,Mandatory object-oriented intranet,330,5/2/2019,3,Yes
331,35,Extended asynchronous product,331,8/29/2019,7,No
332,37,Enhanced tangible functionalities,332,9/20/2019,7,No
333,43,De-engineered disintermediate standardization,333,5/26/2019,2,Yes
334,20,Enterprise-wide client-server internet solution,334,6/17/2019,6,Yes
335,27,Customizable fresh-thinking contingency,335,6/8/2019,5,Yes
336,22,Enhanced regional software,336,8/22/2019,1,Yes
337,69,Proactive methodical workforce,337,6/8/2019,10,No
338,26,Exclusive value-added secured line,338,8/29/2019,7,No
339,69,Seamless encompassing internet solution,339,5/6/2019,1,No
340,62,Enterprise-wide global adapter,340,8/6/2019,7,Yes
341,31,Synergized context-sensitive workforce,341,8/28/2019,4,No
342,68,Public-key didactic framework,342,8/27/2019,10,No
343,71,Open-architected needs-based access,343,9/12/2019,7,Yes
344,42,Synchronised optimizing algorithm,344,6/14/2019,7,No
345,35,Cross-group incremental monitoring,345,6/11/2019,2,No
346,66,Vision-oriented stable leverage,346,8/25/2019,2,No
347,18,Innovative user-facing emulation,347,6/16/2019,4,No
348,25,Optional systematic matrices,348,6/13/2019,10,Yes
349,24,Reduced clear-thinking forecast,349,5/26/2019,6,Yes
350,66,Programmable global interface,350,5/21/2019,4,No
351,63,Distributed 24 hour process improvement,351,5/19/2019,1,No
352,54,Devolved scalable conglomeration,352,9/13/2019,7,No
353,36,Persevering user-facing methodology,353,8/28/2019,7,No
354,59,Versatile 5th generation structure,354,6/5/2019,5,Yes
355,48,Versatile stable contingency,355,7/8/2019,10,Yes
356,14,Down-sized scalable data-warehouse,356,9/25/2019,3,Yes
357,67,Proactive optimizing infrastructure,357,9/1/2019,6,Yes
358,38,Customizable methodical portal,358,9/20/2019,2,Yes
359,39,Versatile transitional archive,359,8/3/2019,9,Yes
360,63,Enterprise-wide object-oriented knowledge user,360,8/19/2019,6,No
361,59,Profit-focused fresh-thinking knowledge user,361,9/15/2019,10,No
362,29,Inverse eco-centric support,362,7/22/2019,9,Yes
363,40,Reactive discrete strategy,363,7/10/2019,3,No
364,65,User-centric executive challenge,364,5/11/2019,8,No
365,45,Seamless bandwidth-monitored matrix,365,9/3/2019,1,Yes
366,47,Right-sized fresh-thinking paradigm,366,8/8/2019,2,No
367,73,Realigned coherent time-frame,367,6/2/2019,9,No
368,64,Networked content-based array,368,9/29/2019,6,No
369,64,Phased high-level encoding,369,5/17/2019,9,Yes
370,60,Object-based exuding policy,370,6/7/2019,8,Yes
371,26,Inverse zero tolerance circuit,371,6/18/2019,9,No
372,8,Team-oriented optimizing open system,372,5/7/2019,5,No
373,44,User-friendly global strategy,373,6/13/2019,3,No
374,75,Networked 24/7 installation,374,9/28/2019,3,No
375,5,Reverse-engineered system-worthy process improvement,375,9/17/2019,2,No
376,33,Multi-lateral full-range functionalities,376,8/9/2019,6,Yes
377,21,Implemented discrete budgetary management,377,7/18/2019,9,Yes
378,22,Future-proofed discrete frame,378,5/26/2019,2,Yes
379,32,Sharable solution-oriented utilisation,379,6/7/2019,3,Yes
380,54,Fully-configurable interactive strategy,380,8/15/2019,3,Yes
381,33,Managed logistical instruction set,381,5/26/2019,5,No
382,44,Expanded eco-centric adapter,382,5/4/2019,10,Yes
383,30,Total zero administration functionalities,383,5/16/2019,2,No
384,15,Multi-lateral global interface,384,6/4/2019,8,No
385,68,Implemented fault-tolerant instruction set,385,8/2/2019,7,Yes
386,25,Balanced attitude-oriented moratorium,386,6/24/2019,6,Yes
387,75,Profound impactful analyzer,387,7/16/2019,3,Yes
388,70,Open-architected transitional artificial intelligence,388,9/15/2019,6,No
389,54,Sharable national approach,389,5/24/2019,8,No
390,30,Robust secondary superstructure,390,8/17/2019,4,No
391,23,Open-architected 3rd generation orchestration,391,6/11/2019,3,No
392,76,Operative zero defect moratorium,392,7/27/2019,9,Yes
393,18,Public-key local info-mediaries,393,6/24/2019,9,No
394,38,Reduced asymmetric help-desk,394,7/29/2019,3,Yes
395,64,Up-sized bottom-line initiative,395,5/29/2019,4,No
396,36,Re-engineered coherent success,396,5/17/2019,1,No
397,0,Seamless multi-state complexity,397,7/20/2019,8,No
398,57,Polarised bottom-line implementation,398,6/9/2019,7,Yes
399,41,Optional homogeneous strategy,399,6/10/2019,7,No
400,38,Expanded didactic core,400,9/27/2019,4,No
401,51,Multi-lateral analyzing application,401,7/28/2019,9,Yes
402,38,Pre-emptive object-oriented portal,402,7/18/2019,10,No
403,4,Secured impactful help-desk,403,6/9/2019,10,Yes
404,39,Multi-tiered human-resource info-mediaries,404,8/18/2019,7,Yes
405,71,Devolved foreground strategy,405,5/5/2019,4,No
406,80,Seamless impactful superstructure,406,5/4/2019,2,Yes
407,20,Profit-focused maximized circuit,407,9/17/2019,1,Yes
408,4,Open-architected responsive task-force,408,9/3/2019,6,No
409,38,Cross-group even-keeled installation,409,5/29/2019,5,No
410,19,Intuitive user-facing open architecture,410,5/2/2019,8,No
411,53,Multi-lateral scalable artificial intelligence,411,9/11/2019,7,No
412,14,Proactive exuding Graphic Interface,412,8/3/2019,9,No
413,44,Adaptive next generation success,413,8/2/2019,8,Yes
414,1,Persevering fault-tolerant algorithm,414,6/25/2019,2,No
415,30,Visionary clear-thinking ability,415,8/6/2019,4,Yes
416,70,Polarised contextually-based solution,416,8/10/2019,6,Yes
417,33,Cross-group 24/7 workforce,417,6/17/2019,9,Yes
418,56,Configurable composite data-warehouse,418,5/24/2019,8,No
419,14,Advanced asymmetric matrix,419,5/18/2019,4,No
420,65,Diverse bottom-line complexity,420,7/1/2019,3,Yes
421,19,Persevering scalable circuit,421,7/25/2019,6,No
422,59,Re-engineered eco-centric emulation,422,8/13/2019,2,No
423,34,Synergized maximized artificial intelligence,423,8/15/2019,4,Yes
424,1,Implemented fresh-thinking circuit,424,7/15/2019,10,Yes
425,3,Monitored next generation algorithm,425,9/23/2019,9,No
426,63,Multi-channelled national secured line,426,6/30/2019,8,No
427,50,Streamlined fault-tolerant Graphical User Interface,427,7/25/2019,4,No
428,34,Focused incremental throughput,428,9/8/2019,1,No
429,28,Secured zero administration paradigm,429,6/22/2019,3,Yes
430,58,Focused eco-centric benchmark,430,7/4/2019,4,Yes
431,62,Up-sized discrete support,431,6/10/2019,6,Yes
432,28,Devolved dedicated firmware,432,8/27/2019,2,Yes
433,74,Synergistic content-based model,433,7/31/2019,2,Yes
434,20,Business-focused context-sensitive interface,434,5/21/2019,10,No
435,73,Right-sized 5th generation capability,435,6/17/2019,3,No
436,10,Adaptive directional interface,436,8/24/2019,2,Yes
437,50,Profound client-server orchestration,437,5/6/2019,10,Yes
438,44,Secured even-keeled structure,438,8/24/2019,3,No
439,20,Grass-roots holistic collaboration,439,8/1/2019,10,No
440,53,Virtual zero tolerance hardware,440,8/11/2019,6,No
441,60,Compatible solution-oriented algorithm,441,8/22/2019,3,Yes
442,76,Secured static secured line,442,9/2/2019,6,Yes
443,63,Programmable intangible project,443,7/28/2019,4,No
444,16,Re-engineered grid-enabled pricing structure,444,6/13/2019,4,Yes
445,66,Future-proofed directional implementation,445,5/26/2019,4,Yes
446,44,Persistent 24/7 core,446,5/7/2019,3,No
447,76,User-centric optimal structure,447,8/23/2019,9,Yes
448,54,Devolved web-enabled adapter,448,8/31/2019,4,Yes
449,44,Public-key 3rd generation monitoring,449,9/18/2019,6,Yes
450,21,Multi-lateral value-added instruction set,450,8/17/2019,8,Yes
451,39,Expanded national encryption,451,5/4/2019,9,No
452,17,Enhanced object-oriented support,452,8/16/2019,6,Yes
453,60,Extended encompassing groupware,453,6/23/2019,9,Yes
454,17,Persevering web-enabled hardware,454,9/25/2019,3,Yes
455,30,Automated uniform paradigm,455,7/24/2019,10,No
456,39,Public-key solution-oriented access,456,6/5/2019,5,Yes
457,30,Organic reciprocal protocol,457,8/30/2019,9,Yes
458,12,Ameliorated 4th generation policy,458,6/13/2019,1,No
459,26,Up-sized disintermediate pricing structure,459,8/31/2019,2,Yes
460,58,Down-sized high-level emulation,460,5/20/2019,1,Yes
461,80,Stand-alone directional methodology,461,6/10/2019,2,No
462,10,Robust background functionalities,462,5/28/2019,5,Yes
463,42,Triple-buffered high-level middleware,463,6/8/2019,4,Yes
464,72,User-centric value-added firmware,464,7/8/2019,8,Yes
465,61,Vision-oriented solution-oriented implementation,465,5/20/2019,6,No
466,7,Expanded next generation methodology,466,8/18/2019,1,No
467,35,Realigned encompassing application,467,7/10/2019,6,No
468,64,Fully-configurable intermediate middleware,468,8/6/2019,6,No
469,40,Object-based global application,469,8/22/2019,7,No
470,68,Ameliorated tangible parallelism,470,8/16/2019,2,Yes
471,37,Devolved coherent service-desk,471,6/26/2019,2,Yes
472,19,Assimilated disintermediate benchmark,472,9/22/2019,9,Yes
473,44,Reactive system-worthy capability,473,5/17/2019,3,Yes
474,62,Down-sized reciprocal collaboration,474,9/3/2019,4,No
475,38,Integrated directional archive,475,6/13/2019,7,No
476,60,Decentralized radical algorithm,476,8/6/2019,7,No
477,33,Reduced clear-thinking focus group,477,7/20/2019,4,No
478,20,Optimized multimedia secured line,478,5/30/2019,1,Yes
479,4,Function-based static moratorium,479,9/1/2019,7,Yes
480,3,Down-sized optimal definition,480,8/28/2019,5,No
481,54,Multi-lateral dedicated monitoring,481,7/25/2019,2,No
482,8,Managed stable secured line,482,7/25/2019,9,Yes
483,52,Customizable system-worthy monitoring,483,5/20/2019,1,No
484,48,Balanced cohesive matrices,484,9/7/2019,1,No
485,48,Front-line holistic framework,485,8/11/2019,10,No
486,51,Phased discrete application,486,7/11/2019,10,Yes
487,44,Exclusive dynamic artificial intelligence,487,8/11/2019,2,Yes
488,11,Optional eco-centric solution,488,8/30/2019,9,Yes
489,26,Profit-focused real-time parallelism,489,6/25/2019,2,No
490,58,Managed solution-oriented toolset,490,7/28/2019,10,Yes
491,67,Reactive 6th generation budgetary management,491,5/24/2019,9,No
492,9,Expanded heuristic database,492,5/23/2019,1,Yes
493,22,Reverse-engineered local implementation,493,6/19/2019,5,No
494,40,Integrated object-oriented hardware,494,5/9/2019,1,No
495,65,Fully-configurable executive monitoring,495,9/9/2019,1,Yes
496,47,Ergonomic transitional approach,496,8/24/2019,7,Yes
497,21,Up-sized neutral knowledge base,497,8/30/2019,2,Yes
498,22,Customer-focused discrete challenge,498,7/17/2019,4,No
499,13,Phased regional protocol,499,8/28/2019,1,Yes
500,33,Managed web-enabled challenge,500,7/29/2019,2,Yes
501,34,Compatible homogeneous hierarchy,501,9/13/2019,1,No
502,57,Ergonomic optimizing ability,502,6/4/2019,1,Yes
503,68,Function-based composite complexity,503,5/30/2019,1,Yes
504,1,Re-engineered static support,504,7/10/2019,1,Yes
505,53,Virtual leading edge utilisation,505,7/27/2019,1,No
506,59,Ergonomic zero administration parallelism,506,8/28/2019,7,Yes
507,21,Digitized reciprocal project,507,5/27/2019,5,Yes
508,37,Implemented dedicated artificial intelligence,508,6/6/2019,10,Yes
509,45,Inverse dynamic encoding,509,6/27/2019,2,No
510,72,Team-oriented 24/7 definition,510,8/4/2019,10,Yes
511,60,Centralized incremental definition,511,8/12/2019,2,No
512,39,Optional cohesive encoding,512,6/16/2019,2,No
513,3,Enterprise-wide 24/7 data-warehouse,513,5/12/2019,10,No
514,36,Fully-configurable regional circuit,514,8/25/2019,6,No
515,54,Right-sized dynamic knowledge user,515,6/14/2019,2,No
516,62,Ergonomic leading edge service-desk,516,7/21/2019,8,Yes
517,40,Team-oriented incremental functionalities,517,7/24/2019,9,Yes
518,6,Multi-layered leading edge infrastructure,518,6/18/2019,1,No
519,57,Sharable fault-tolerant matrix,519,7/6/2019,4,No
520,41,Robust leading edge website,520,7/23/2019,7,No
521,58,Multi-channelled maximized access,521,6/14/2019,3,Yes
522,24,Operative systematic knowledge user,522,5/8/2019,7,Yes
523,70,Quality-focused exuding knowledge base,523,7/16/2019,9,Yes
524,6,Visionary 5th generation internet solution,524,7/5/2019,3,No
525,54,Phased next generation approach,525,9/27/2019,6,Yes
526,70,Programmable content-based help-desk,526,9/11/2019,6,Yes
527,6,User-friendly executive model,527,7/19/2019,6,No
528,8,Function-based contextually-based focus group,528,9/1/2019,1,No
529,62,Optional local analyzer,529,6/4/2019,6,No
530,70,Enhanced homogeneous migration,530,6/26/2019,10,No
531,10,Total coherent help-desk,531,7/29/2019,5,Yes
532,66,Multi-lateral hybrid access,532,6/26/2019,8,No
533,49,Cloned hybrid array,533,6/14/2019,10,No
534,55,Proactive zero administration hierarchy,534,5/25/2019,8,No
535,31,Cross-group national internet solution,535,7/13/2019,3,No
536,20,Visionary 4th generation challenge,536,7/16/2019,2,Yes
537,74,Integrated local definition,537,5/31/2019,5,No
538,12,Robust mission-critical moratorium,538,7/19/2019,9,No
539,73,Business-focused analyzing local area network,539,7/18/2019,6,No
540,45,Multi-layered fresh-thinking implementation,540,8/9/2019,2,Yes
541,80,Optional scalable process improvement,541,9/5/2019,1,No
542,38,Visionary exuding policy,542,9/7/2019,4,No
543,16,Assimilated composite standardization,543,6/18/2019,6,Yes
544,41,Front-line actuating matrix,544,9/8/2019,7,No
545,48,Reactive user-facing hierarchy,545,9/6/2019,2,No
546,61,Enhanced composite hardware,546,9/23/2019,10,No
547,6,Quality-focused homogeneous initiative,547,5/31/2019,5,Yes
548,9,Front-line analyzing infrastructure,548,9/28/2019,3,Yes
549,36,Digitized heuristic matrix,549,7/31/2019,1,No
550,79,Upgradable background collaboration,550,8/19/2019,6,Yes
551,56,Customer-focused dedicated groupware,551,7/8/2019,1,No
552,77,Optimized maximized parallelism,552,9/10/2019,8,No
553,42,Operative clear-thinking hierarchy,553,5/7/2019,1,Yes
554,1,Customer-focused modular hardware,554,8/7/2019,1,Yes
555,60,Function-based contextually-based internet solution,555,6/30/2019,7,Yes
556,72,Front-line system-worthy matrices,556,5/12/2019,4,Yes
557,23,Self-enabling full-range project,557,6/27/2019,10,Yes
558,15,Adaptive asynchronous system engine,558,6/23/2019,8,Yes
559,69,Synchronised reciprocal emulation,559,7/26/2019,5,No
560,76,Streamlined content-based groupware,560,5/19/2019,9,No
561,66,Persevering asymmetric protocol,561,8/22/2019,2,No
562,16,Versatile discrete hardware,562,9/15/2019,2,No
563,22,Assimilated client-driven matrices,563,7/3/2019,2,Yes
564,34,Reactive web-enabled collaboration,564,5/21/2019,1,No
565,32,Grass-roots 24/7 knowledge user,565,8/25/2019,6,No
566,72,Cross-group 4th generation concept,566,8/24/2019,2,No
567,39,Synchronised homogeneous monitoring,567,7/8/2019,5,Yes
568,57,Future-proofed interactive intranet,568,8/16/2019,3,Yes
569,36,Vision-oriented bandwidth-monitored throughput,569,8/28/2019,5,No
570,66,Reactive background service-desk,570,7/1/2019,3,Yes
571,76,Extended dynamic instruction set,571,7/11/2019,1,Yes
572,39,Focused reciprocal toolset,572,8/15/2019,6,No
573,7,Profit-focused 4th generation standardization,573,5/23/2019,10,No
574,11,Switchable hybrid open system,574,7/31/2019,5,No
575,5,Optimized clear-thinking monitoring,575,9/28/2019,9,Yes
576,15,Polarised systematic implementation,576,9/28/2019,1,Yes
577,59,Open-architected demand-driven database,577,7/1/2019,8,No
578,9,Balanced stable attitude,578,7/23/2019,7,No
579,61,Managed optimizing model,579,9/15/2019,9,No
580,27,Future-proofed heuristic alliance,580,8/19/2019,3,No
581,11,Down-sized asynchronous customer loyalty,581,8/14/2019,3,Yes
582,51,Automated foreground structure,582,5/25/2019,7,Yes
583,19,Universal tertiary knowledge user,583,8/18/2019,7,No
584,50,Horizontal optimal leverage,584,7/26/2019,10,Yes
585,72,Enhanced incremental functionalities,585,7/19/2019,1,No
586,22,Fundamental exuding throughput,586,7/24/2019,2,No
587,10,Operative systematic local area network,587,5/9/2019,10,No
588,48,Synergistic asymmetric monitoring,588,6/9/2019,1,Yes
589,34,Realigned executive monitoring,589,6/20/2019,8,No
590,75,Integrated asymmetric process improvement,590,9/14/2019,10,Yes
591,2,Advanced encompassing definition,591,8/27/2019,7,Yes
592,29,Object-based web-enabled info-mediaries,592,9/10/2019,1,No
593,71,Visionary executive product,593,6/30/2019,4,No
594,16,Operative heuristic emulation,594,7/27/2019,8,No
595,41,Optional regional support,595,8/31/2019,1,Yes
596,38,Automated empowering groupware,596,6/4/2019,6,Yes
597,33,Face to face secondary artificial intelligence,597,5/6/2019,6,Yes
598,43,User-centric holistic initiative,598,6/23/2019,1,Yes
599,53,Cloned didactic moratorium,599,5/21/2019,6,Yes
600,11,Multi-layered leading edge info-mediaries,600,6/9/2019,10,No
601,71,Enhanced tangible strategy,601,7/28/2019,2,Yes
602,67,Public-key system-worthy portal,602,9/7/2019,5,No
603,4,Inverse contextually-based matrix,603,9/17/2019,8,Yes
604,50,Optional intermediate interface,604,7/28/2019,5,Yes
605,59,Down-sized content-based concept,605,5/4/2019,6,No
606,35,Quality-focused mission-critical website,606,9/11/2019,8,Yes
607,51,Persistent encompassing project,607,9/3/2019,10,Yes
608,51,Operative coherent monitoring,608,7/29/2019,2,No
609,55,Fundamental national migration,609,5/25/2019,10,No
610,64,Team-oriented homogeneous collaboration,610,8/9/2019,5,No
611,36,Public-key 3rd generation algorithm,611,8/7/2019,8,Yes
612,42,Progressive 5th generation capability,612,6/22/2019,8,Yes
613,46,Ameliorated intangible parallelism,613,5/8/2019,1,No
614,22,Assimilated mobile neural-net,614,8/6/2019,10,No
615,19,Up-sized scalable parallelism,615,7/24/2019,1,Yes
616,65,User-centric context-sensitive process improvement,616,8/5/2019,5,No
617,29,Innovative fresh-thinking utilisation,617,7/5/2019,8,No
618,44,Public-key zero tolerance core,618,8/31/2019,1,No
619,25,Persevering composite circuit,619,6/4/2019,2,Yes
620,41,Optimized value-added model,620,5/17/2019,5,Yes
621,4,Multi-layered context-sensitive model,621,6/24/2019,3,No
622,15,Stand-alone optimal focus group,622,5/18/2019,6,Yes
623,64,Compatible bi-directional attitude,623,9/27/2019,2,No
624,23,Implemented dedicated customer loyalty,624,9/23/2019,5,Yes
625,38,Vision-oriented asymmetric strategy,625,7/23/2019,8,No
626,5,Exclusive non-volatile workforce,626,5/30/2019,9,Yes
627,66,Inverse background architecture,627,7/29/2019,10,Yes
628,32,Adaptive asymmetric hierarchy,628,5/23/2019,3,Yes
629,80,Total cohesive productivity,629,6/27/2019,7,Yes
630,66,User-centric explicit infrastructure,630,7/13/2019,4,No
631,71,Fundamental discrete hub,631,5/21/2019,2,No
632,22,Configurable homogeneous circuit,632,6/27/2019,6,No
633,51,Virtual radical time-frame,633,5/20/2019,1,No
634,15,Function-based analyzing instruction set,634,6/7/2019,3,No
635,15,Customer-focused grid-enabled hierarchy,635,5/8/2019,6,Yes
636,66,Upgradable holistic middleware,636,7/24/2019,4,Yes
637,71,Profit-focused executive middleware,637,6/4/2019,2,No
638,60,Seamless systematic open architecture,638,8/29/2019,2,Yes
639,48,User-centric intermediate groupware,639,9/24/2019,10,No
640,51,Digitized hybrid data-warehouse,640,7/24/2019,1,Yes
641,48,Organic dedicated core,641,6/3/2019,7,No
642,19,Integrated dynamic interface,642,6/29/2019,8,Yes
643,49,Sharable empowering approach,643,5/10/2019,10,No
644,29,De-engineered context-sensitive adapter,644,5/15/2019,8,No
645,73,Robust impactful capacity,645,5/17/2019,2,No
646,61,Multi-channelled national success,646,5/23/2019,10,Yes
647,61,Grass-roots multimedia architecture,647,6/2/2019,4,No
648,67,Object-based intangible data-warehouse,648,6/1/2019,5,Yes
649,54,Intuitive composite groupware,649,8/7/2019,6,No
650,62,Expanded intangible implementation,650,6/19/2019,5,Yes
651,15,Decentralized leading edge secured line,651,5/6/2019,6,Yes
652,5,Compatible object-oriented Graphic Interface,652,5/24/2019,1,No
653,0,Intuitive grid-enabled productivity,653,7/4/2019,10,Yes
654,10,Monitored bottom-line pricing structure,654,7/17/2019,3,Yes
655,74,Team-oriented fault-tolerant adapter,655,8/26/2019,4,No
656,65,Synergized foreground methodology,656,5/3/2019,5,Yes
657,69,User-centric uniform groupware,657,9/2/2019,3,No
658,6,Automated encompassing core,658,5/23/2019,2,No
659,22,Compatible uniform Graphical User Interface,659,7/27/2019,8,Yes
660,3,Distributed analyzing system engine,660,6/14/2019,3,Yes
661,6,Fundamental optimizing core,661,9/8/2019,9,No
662,37,Face to face optimal strategy,662,5/9/2019,2,No
663,47,Ergonomic 5th generation productivity,663,6/4/2019,7,Yes
664,52,Organic zero defect website,664,7/11/2019,2,Yes
665,13,Synergistic 5th generation workforce,665,7/23/2019,3,Yes
666,39,Programmable transitional Graphic Interface,666,5/9/2019,2,Yes
667,16,Automated 24 hour approach,667,8/20/2019,1,Yes
668,55,Fundamental methodical help-desk,668,8/9/2019,2,Yes
669,76,Enterprise-wide reciprocal info-mediaries,669,5/30/2019,1,No
670,31,Managed explicit structure,670,5/22/2019,5,Yes
671,15,Assimilated logistical flexibility,671,6/3/2019,7,Yes
672,39,Sharable homogeneous infrastructure,672,9/18/2019,10,No
673,33,Organic well-modulated flexibility,673,7/1/2019,2,No
674,67,Progressive dynamic moratorium,674,9/23/2019,3,Yes
675,25,Distributed non-volatile array,675,6/6/2019,10,Yes
676,5,Persistent systematic implementation,676,5/22/2019,9,No
677,2,Multi-tiered motivating monitoring,677,5/29/2019,7,Yes
678,41,Front-line 3rd generation software,678,5/21/2019,5,Yes
679,78,Enhanced background task-force,679,7/6/2019,4,No
680,61,Persevering multimedia structure,680,5/24/2019,8,No
681,58,Re-engineered asynchronous installation,681,6/26/2019,3,No
682,8,Implemented 6th generation adapter,682,5/13/2019,7,Yes
683,6,Polarised national projection,683,8/31/2019,8,No
684,69,Optional discrete product,684,7/23/2019,7,Yes
685,62,Persistent logistical matrices,685,7/28/2019,1,Yes
686,8,Automated composite data-warehouse,686,6/13/2019,2,Yes
687,22,Multi-lateral actuating help-desk,687,9/26/2019,8,No
688,1,Synergistic human-resource instruction set,688,7/12/2019,2,No
689,1,Self-enabling didactic matrices,689,9/1/2019,4,No
690,46,Fundamental system-worthy complexity,690,9/24/2019,7,Yes
691,9,Business-focused static service-desk,691,9/8/2019,2,No
692,43,Compatible grid-enabled matrices,692,8/4/2019,10,Yes
693,77,Balanced clear-thinking attitude,693,7/24/2019,1,Yes
694,10,User-centric incremental process improvement,694,8/15/2019,1,No
695,76,Object-based national workforce,695,8/21/2019,8,No
696,74,Centralized homogeneous access,696,8/25/2019,4,No
697,0,Devolved neutral migration,697,6/18/2019,4,Yes
698,42,Fully-configurable optimizing flexibility,698,5/27/2019,5,No
699,3,Organic real-time adapter,699,7/15/2019,10,Yes
700,29,Up-sized actuating knowledge base,700,7/12/2019,9,Yes
701,36,Multi-layered actuating array,701,6/21/2019,2,Yes
702,40,Advanced next generation forecast,702,8/23/2019,5,Yes
703,1,Universal bottom-line collaboration,703,7/15/2019,7,No
704,17,Enterprise-wide high-level firmware,704,9/27/2019,1,No
705,29,Future-proofed well-modulated toolset,705,7/4/2019,10,Yes
706,12,Reverse-engineered value-added knowledge user,706,7/9/2019,5,No
707,13,Configurable 24 hour complexity,707,6/15/2019,8,Yes
708,0,Expanded upward-trending Graphic Interface,708,7/22/2019,3,Yes
709,3,Inverse optimizing focus group,709,5/23/2019,2,Yes
710,50,Streamlined hybrid capacity,710,8/5/2019,9,No
711,3,Integrated coherent info-mediaries,711,9/18/2019,4,Yes
712,40,Secured radical superstructure,712,7/28/2019,1,No
713,14,Diverse zero administration project,713,9/4/2019,7,No
714,10,Customer-focused motivating knowledge user,714,5/14/2019,4,Yes
715,3,Intuitive system-worthy database,715,5/14/2019,9,No
716,34,Total fault-tolerant interface,716,5/2/2019,6,Yes
717,40,Object-based logistical solution,717,8/23/2019,6,No
718,34,Persevering static hardware,718,9/21/2019,4,Yes
719,72,Right-sized context-sensitive migration,719,9/3/2019,9,Yes
720,62,Profit-focused zero administration hardware,720,6/27/2019,9,Yes
721,18,Optional stable framework,721,8/23/2019,5,No
722,42,Down-sized discrete contingency,722,6/24/2019,6,Yes
723,64,Programmable responsive budgetary management,723,6/2/2019,8,No
724,7,Compatible client-driven firmware,724,6/13/2019,9,Yes
725,72,Cloned intermediate benchmark,725,6/10/2019,3,No
726,66,Total real-time parallelism,726,9/1/2019,8,No
727,74,Pre-emptive directional analyzer,727,8/3/2019,7,Yes
728,65,Ergonomic high-level encryption,728,6/18/2019,1,Yes
729,37,Monitored methodical extranet,729,8/18/2019,3,Yes
730,62,Automated intermediate portal,730,8/21/2019,7,No
731,52,Exclusive methodical core,731,7/1/2019,6,Yes
732,75,Visionary directional product,732,7/14/2019,10,No
733,39,Profound methodical hierarchy,733,7/24/2019,1,No
734,40,Sharable content-based archive,734,8/21/2019,6,No
735,29,Streamlined demand-driven model,735,9/13/2019,6,No
736,5,Cross-platform zero defect hierarchy,736,7/19/2019,1,Yes
737,46,Multi-layered encompassing standardization,737,9/19/2019,2,Yes
738,63,Multi-channelled multi-tasking policy,738,7/18/2019,4,No
739,23,Exclusive systematic adapter,739,8/19/2019,7,No
740,29,Synergistic cohesive installation,740,8/30/2019,10,Yes
741,45,Customer-focused secondary methodology,741,9/17/2019,2,Yes
742,68,Ergonomic reciprocal parallelism,742,7/27/2019,6,No
743,6,Optional real-time approach,743,7/20/2019,1,No
744,51,Optimized global moderator,744,5/28/2019,5,No
745,73,Ergonomic tertiary monitoring,745,8/27/2019,6,Yes
746,35,Synergistic maximized migration,746,9/17/2019,6,No
747,71,Adaptive bifurcated superstructure,747,7/16/2019,3,No
748,49,Profit-focused hybrid migration,748,8/23/2019,2,No
749,16,Down-sized discrete approach,749,5/23/2019,2,Yes
750,15,Organic next generation orchestration,750,9/9/2019,1,Yes
751,0,Stand-alone dedicated archive,751,9/7/2019,8,Yes
752,42,Future-proofed optimizing superstructure,752,6/10/2019,7,No
753,30,Realigned holistic application,753,6/22/2019,4,Yes
754,23,Multi-channelled clear-thinking focus group,754,5/6/2019,6,No
755,48,Triple-buffered 3rd generation extranet,755,8/21/2019,1,Yes
756,65,Inverse radical array,756,6/3/2019,2,No
757,30,Decentralized contextually-based adapter,757,7/8/2019,9,Yes
758,53,Phased national policy,758,5/31/2019,6,No
759,49,Polarised incremental projection,759,5/6/2019,3,Yes
760,29,Quality-focused 6th generation standardization,760,7/23/2019,4,Yes
761,7,Cloned dynamic alliance,761,6/29/2019,1,No
762,30,Re-engineered needs-based alliance,762,7/11/2019,7,No
763,36,Profit-focused homogeneous framework,763,7/12/2019,1,Yes
764,63,Optimized 24 hour standardization,764,6/28/2019,9,Yes
765,16,Operative zero administration Graphical User Interface,765,6/12/2019,1,Yes
766,9,Versatile demand-driven policy,766,8/11/2019,7,No
767,17,Customer-focused hybrid data-warehouse,767,9/16/2019,6,No
768,71,Intuitive mission-critical help-desk,768,9/1/2019,3,Yes
769,64,Cross-group real-time success,769,7/17/2019,8,No
770,77,Business-focused executive success,770,9/10/2019,8,No
771,78,Programmable solution-oriented extranet,771,5/23/2019,9,Yes
772,79,Compatible empowering info-mediaries,772,6/25/2019,3,No
773,51,Assimilated mission-critical internet solution,773,9/18/2019,3,Yes
774,65,Integrated national framework,774,6/11/2019,4,Yes
775,7,Switchable optimal data-warehouse,775,8/10/2019,9,Yes
776,23,Up-sized solution-oriented process improvement,776,7/1/2019,1,Yes
777,27,Compatible methodical conglomeration,777,7/17/2019,6,No
778,49,Exclusive homogeneous matrix,778,9/16/2019,5,Yes
779,64,Upgradable systemic local area network,779,9/11/2019,8,No
780,14,Devolved zero tolerance encryption,780,6/28/2019,9,No
781,74,Versatile neutral array,781,5/20/2019,10,Yes
782,60,Streamlined incremental Graphic Interface,782,6/7/2019,5,Yes
783,19,Balanced global contingency,783,5/20/2019,8,Yes
784,59,Versatile logistical superstructure,784,8/5/2019,6,Yes
785,21,Exclusive mission-critical framework,785,6/3/2019,3,Yes
786,15,Right-sized attitude-oriented challenge,786,5/4/2019,10,Yes
787,22,Expanded bandwidth-monitored middleware,787,5/22/2019,8,No
788,22,Secured uniform attitude,788,7/18/2019,7,No
789,30,Customizable system-worthy hub,789,6/11/2019,4,Yes
790,17,Assimilated global moratorium,790,8/2/2019,9,No
791,66,Organized composite knowledge user,791,6/22/2019,5,No
792,56,Compatible uniform help-desk,792,5/28/2019,6,No
793,79,Upgradable radical synergy,793,5/11/2019,10,No
794,42,Re-contextualized tangible firmware,794,7/14/2019,4,No
795,43,Triple-buffered even-keeled synergy,795,5/5/2019,9,Yes
796,29,Enhanced systematic archive,796,5/27/2019,2,No
797,71,Down-sized 4th generation benchmark,797,8/30/2019,2,No
798,30,Polarised discrete workforce,798,9/6/2019,10,No
799,49,Grass-roots explicit approach,799,5/17/2019,2,No
800,69,Synchronised fault-tolerant project,800,9/23/2019,5,No
801,3,Progressive cohesive flexibility,801,5/21/2019,2,No
802,15,Advanced motivating interface,802,8/7/2019,8,Yes
803,20,Virtual analyzing monitoring,803,7/9/2019,5,No
804,63,Multi-lateral 3rd generation migration,804,6/5/2019,5,Yes
805,79,Monitored clear-thinking policy,805,8/2/2019,1,No
806,40,Vision-oriented solution-oriented software,806,8/20/2019,4,Yes
807,7,Reactive fresh-thinking instruction set,807,5/24/2019,2,Yes
808,36,Synergistic 6th generation architecture,808,8/19/2019,8,Yes
809,27,Customer-focused tangible methodology,809,7/13/2019,2,No
810,4,Focused next generation protocol,810,9/26/2019,6,Yes
811,32,Fully-configurable stable product,811,6/10/2019,3,Yes
812,17,Exclusive neutral instruction set,812,6/8/2019,2,Yes
813,31,Centralized secondary conglomeration,813,6/5/2019,1,No
814,80,Cloned background archive,814,9/19/2019,1,No
815,1,Vision-oriented 4th generation database,815,9/22/2019,3,Yes
816,72,Persistent regional paradigm,816,5/20/2019,1,No
817,78,Devolved responsive open architecture,817,9/16/2019,7,Yes
818,7,Profit-focused next generation success,818,6/1/2019,4,Yes
819,3,User-friendly impactful neural-net,819,5/11/2019,4,Yes
820,47,Innovative dynamic project,820,8/21/2019,5,Yes
821,56,Team-oriented next generation neural-net,821,8/24/2019,9,Yes
822,40,Reverse-engineered local workforce,822,6/17/2019,10,No
823,14,Operative dedicated groupware,823,5/6/2019,10,No
824,22,Pre-emptive leading edge initiative,824,8/20/2019,7,No
825,48,Networked holistic pricing structure,825,9/27/2019,7,Yes
826,3,Sharable bandwidth-monitored infrastructure,826,8/7/2019,7,Yes
827,73,Integrated mobile archive,827,8/10/2019,3,Yes
828,0,Cloned 24 hour flexibility,828,7/30/2019,7,Yes
829,0,Robust bandwidth-monitored frame,829,6/1/2019,2,Yes
830,23,Diverse multi-state moratorium,830,7/3/2019,4,No
831,52,Customizable neutral flexibility,831,7/16/2019,7,Yes
832,24,Configurable maximized model,832,5/21/2019,2,No
833,50,Profound dedicated infrastructure,833,7/29/2019,4,No
834,35,Focused needs-based secured line,834,7/27/2019,4,Yes
835,74,Reactive 5th generation circuit,835,6/2/2019,9,Yes
836,24,Monitored coherent flexibility,836,6/16/2019,6,Yes
837,19,Multi-lateral didactic installation,837,7/16/2019,6,Yes
838,46,Exclusive logistical data-warehouse,838,8/11/2019,2,No
839,53,Synchronised clear-thinking website,839,5/22/2019,5,Yes
840,9,Distributed multi-state customer loyalty,840,6/14/2019,6,Yes
841,12,Monitored directional leverage,841,6/2/2019,2,No
842,46,Vision-oriented needs-based initiative,842,6/5/2019,6,Yes
843,14,Assimilated 24/7 Graphic Interface,843,8/31/2019,3,Yes
844,9,Distributed scalable hardware,844,8/12/2019,5,No
845,78,Focused 24 hour strategy,845,9/17/2019,6,Yes
846,6,Robust intangible productivity,846,8/24/2019,3,No
847,64,Intuitive methodical process improvement,847,5/3/2019,2,Yes
848,78,Digitized coherent benchmark,848,6/15/2019,1,Yes
849,77,Grass-roots systemic adapter,849,9/24/2019,8,Yes
850,33,Right-sized intangible definition,850,7/23/2019,9,No
851,7,Inverse holistic utilisation,851,8/19/2019,8,Yes
852,22,Face to face multi-tasking synergy,852,5/4/2019,4,Yes
853,56,Assimilated content-based hub,853,5/18/2019,1,Yes
854,51,Sharable object-oriented interface,854,7/17/2019,10,No
855,65,Multi-tiered demand-driven data-warehouse,855,5/20/2019,7,Yes
856,26,Digitized analyzing project,856,9/1/2019,4,No
857,71,Multi-layered bi-directional infrastructure,857,5/28/2019,7,No
858,59,Mandatory attitude-oriented access,858,6/22/2019,4,Yes
859,54,Persistent intermediate array,859,8/29/2019,8,No
860,64,Enterprise-wide zero defect moratorium,860,8/5/2019,8,No
861,0,User-friendly motivating extranet,861,7/5/2019,7,No
862,9,User-centric heuristic attitude,862,9/12/2019,6,No
863,24,Multi-channelled client-driven concept,863,9/18/2019,8,Yes
864,32,Progressive methodical emulation,864,6/1/2019,9,No
865,28,De-engineered client-driven matrices,865,5/10/2019,2,Yes
866,6,Mandatory upward-trending orchestration,866,7/12/2019,5,Yes
867,5,Synergized mobile time-frame,867,6/19/2019,2,Yes
868,40,Intuitive didactic frame,868,9/2/2019,8,No
869,37,Open-architected bottom-line internet solution,869,6/24/2019,1,Yes
870,79,Focused leading edge forecast,870,6/15/2019,2,Yes
871,49,Face to face intermediate function,871,7/6/2019,6,Yes
872,15,Adaptive attitude-oriented open architecture,872,7/31/2019,8,No
873,51,Synergized fault-tolerant parallelism,873,6/10/2019,8,No
874,29,Organic tertiary extranet,874,6/17/2019,2,No
875,78,Cross-group system-worthy solution,875,6/22/2019,9,Yes
876,32,Proactive leading edge toolset,876,7/10/2019,1,Yes
877,64,Reduced full-range encoding,877,7/8/2019,1,Yes
878,22,Centralized human-resource portal,878,5/16/2019,2,No
879,20,Profound tangible interface,879,7/18/2019,5,No
880,79,Business-focused stable pricing structure,880,8/18/2019,6,Yes
881,63,Reverse-engineered high-level instruction set,881,8/12/2019,2,Yes
882,65,Multi-layered foreground instruction set,882,7/16/2019,10,Yes
883,48,Automated regional intranet,883,6/20/2019,4,Yes
884,51,Operative next generation migration,884,9/8/2019,10,Yes
885,30,Sharable stable hub,885,9/7/2019,10,Yes
886,9,Upgradable 24/7 support,886,8/24/2019,3,No
887,13,Optimized content-based encryption,887,7/24/2019,10,No
888,51,Object-based homogeneous open system,888,6/19/2019,8,No
889,47,Inverse systematic matrix,889,8/6/2019,7,Yes
890,51,Re-engineered fresh-thinking algorithm,890,8/24/2019,1,Yes
891,58,Centralized web-enabled leverage,891,5/19/2019,10,Yes
892,73,Open-architected systematic leverage,892,6/11/2019,10,Yes
893,78,Team-oriented full-range capability,893,8/9/2019,7,No
894,51,Quality-focused optimal strategy,894,5/28/2019,2,Yes
895,55,Networked systemic open architecture,895,9/16/2019,9,No
896,20,Grass-roots mobile infrastructure,896,9/22/2019,8,No
897,65,Reduced client-driven data-warehouse,897,8/14/2019,2,Yes
898,21,Robust static pricing structure,898,9/8/2019,10,Yes
899,15,Streamlined demand-driven orchestration,899,8/27/2019,8,Yes
900,79,Front-line radical structure,900,7/9/2019,5,No
901,42,Assimilated optimizing standardization,901,8/18/2019,6,Yes
902,23,Object-based scalable superstructure,902,7/27/2019,7,Yes
903,78,Optional local circuit,903,6/26/2019,1,Yes
904,28,Devolved dynamic software,904,6/27/2019,2,No
905,79,Organic bandwidth-monitored frame,905,8/1/2019,7,No
906,35,Balanced zero tolerance parallelism,906,7/6/2019,4,Yes
907,60,Innovative bandwidth-monitored contingency,907,8/13/2019,4,No
908,44,Self-enabling client-server info-mediaries,908,6/25/2019,3,No
909,63,Advanced fresh-thinking analyzer,909,5/17/2019,6,No
910,74,Managed motivating ability,910,9/1/2019,10,Yes
911,77,Progressive next generation extranet,911,5/14/2019,10,No
912,51,Ameliorated disintermediate artificial intelligence,912,7/28/2019,1,Yes
913,15,Re-contextualized uniform support,913,5/23/2019,10,No
914,74,Customer-focused modular instruction set,914,5/22/2019,3,No
915,10,Cross-group system-worthy synergy,915,9/12/2019,5,Yes
916,36,Sharable motivating matrix,916,8/31/2019,10,No
917,31,Compatible upward-trending infrastructure,917,7/5/2019,2,Yes
918,60,Profit-focused fresh-thinking functionalities,918,5/21/2019,8,Yes
919,34,Open-architected grid-enabled instruction set,919,8/22/2019,2,No
920,71,Total well-modulated info-mediaries,920,7/27/2019,8,No
921,13,Adaptive stable functionalities,921,8/23/2019,5,No
922,48,Sharable scalable standardization,922,6/27/2019,8,Yes
923,70,Persevering context-sensitive focus group,923,7/18/2019,10,Yes
924,72,Front-line contextually-based benchmark,924,5/12/2019,5,Yes
925,20,Grass-roots global complexity,925,6/6/2019,10,No
926,29,Fundamental user-facing secured line,926,8/19/2019,5,Yes
927,29,Diverse content-based functionalities,927,5/26/2019,3,Yes
928,36,Stand-alone web-enabled strategy,928,8/7/2019,7,Yes
929,15,Ameliorated dynamic forecast,929,8/24/2019,1,No
930,17,Organized explicit superstructure,930,8/16/2019,9,Yes
931,33,Face to face cohesive software,931,8/14/2019,6,No
932,65,Phased logistical workforce,932,7/5/2019,5,Yes
933,50,Customizable attitude-oriented utilisation,933,5/26/2019,6,No
934,1,Cross-platform incremental neural-net,934,6/7/2019,4,No
935,17,Adaptive static concept,935,9/8/2019,6,No
936,51,Configurable explicit contingency,936,7/19/2019,4,Yes
937,19,Upgradable systemic methodology,937,6/11/2019,9,No
938,29,Assimilated methodical collaboration,938,7/30/2019,7,No
939,28,Centralized next generation algorithm,939,9/10/2019,10,No
940,27,Sharable multi-tasking application,940,5/23/2019,5,Yes
941,32,Distributed responsive utilisation,941,8/21/2019,3,Yes
942,75,Centralized asymmetric architecture,942,7/4/2019,1,Yes
943,70,Self-enabling fresh-thinking Graphical User Interface,943,9/26/2019,6,Yes
944,9,Object-based grid-enabled parallelism,944,6/29/2019,5,No
945,78,Multi-channelled 3rd generation open architecture,945,6/30/2019,10,Yes
946,78,Customizable motivating array,946,8/22/2019,5,Yes
947,69,Cloned multi-tasking analyzer,947,7/4/2019,6,No
948,11,Business-focused systemic instruction set,948,7/29/2019,10,Yes
949,52,Enterprise-wide even-keeled artificial intelligence,949,6/6/2019,10,No
950,73,Total impactful architecture,950,9/18/2019,10,Yes
951,12,Multi-layered web-enabled ability,951,7/2/2019,2,Yes
952,78,Seamless value-added portal,952,5/19/2019,5,Yes
953,31,Cross-group disintermediate neural-net,953,5/2/2019,8,Yes
954,78,Re-contextualized non-volatile initiative,954,8/23/2019,5,No
955,66,Organized didactic pricing structure,955,6/22/2019,4,No
956,39,Centralized 6th generation projection,956,6/22/2019,8,No
957,33,Diverse maximized budgetary management,957,7/4/2019,7,No
958,15,Polarised composite project,958,6/2/2019,10,Yes
959,6,Grass-roots empowering throughput,959,5/27/2019,1,Yes
960,74,Inverse regional parallelism,960,7/16/2019,3,No
961,35,Intuitive 24 hour encryption,961,8/16/2019,2,Yes
962,10,Automated disintermediate archive,962,7/8/2019,10,No
963,36,Business-focused multi-tasking middleware,963,9/6/2019,3,No
964,41,Cross-group clear-thinking leverage,964,8/27/2019,6,No
965,56,Future-proofed mobile knowledge user,965,7/1/2019,3,Yes
966,19,Business-focused demand-driven toolset,966,7/4/2019,8,No
967,37,Synchronised transitional internet solution,967,7/5/2019,7,Yes
968,72,Innovative bandwidth-monitored implementation,968,7/1/2019,1,Yes
969,13,Vision-oriented clear-thinking open architecture,969,6/7/2019,9,Yes
970,59,Ameliorated object-oriented capability,970,6/22/2019,8,No
971,2,Visionary dynamic architecture,971,9/18/2019,1,Yes
972,64,Cross-group explicit leverage,972,7/11/2019,3,No
973,35,Open-source real-time info-mediaries,973,5/26/2019,4,Yes
974,1,Networked empowering array,974,9/7/2019,10,Yes
975,56,Cross-group multi-state utilisation,975,9/10/2019,6,Yes
976,68,Focused discrete challenge,976,6/14/2019,5,Yes
977,8,Up-sized solution-oriented infrastructure,977,7/6/2019,6,Yes
978,61,Realigned methodical superstructure,978,6/13/2019,6,Yes
979,25,Team-oriented zero defect implementation,979,8/6/2019,1,No
980,59,Profound 5th generation adapter,980,5/8/2019,9,No
981,23,Centralized multimedia superstructure,981,5/6/2019,9,No
982,12,Future-proofed demand-driven groupware,982,7/28/2019,9,No
983,7,Inverse zero tolerance archive,983,6/20/2019,3,Yes
984,29,Cloned intermediate emulation,984,5/4/2019,6,Yes
985,44,Innovative 24 hour hub,985,9/9/2019,10,No
986,10,Re-contextualized incremental Graphic Interface,986,7/30/2019,3,No
987,30,Progressive zero defect application,987,6/15/2019,9,No
988,38,Versatile tangible matrices,988,5/28/2019,7,No
989,8,Extended zero defect strategy,989,7/26/2019,8,Yes
990,5,Integrated content-based application,990,5/29/2019,8,Yes
991,37,Switchable maximized circuit,991,6/9/2019,8,Yes
992,27,Virtual tangible matrices,992,6/8/2019,6,Yes
993,44,De-engineered reciprocal monitoring,993,6/15/2019,1,Yes
994,54,Compatible asynchronous process improvement,994,9/6/2019,6,Yes
995,29,Mandatory encompassing open architecture,995,5/12/2019,2,Yes
996,10,Optimized holistic methodology,996,6/19/2019,8,Yes
997,72,Multi-tiered next generation standardization,997,8/4/2019,5,Yes
998,24,Secured eco-centric superstructure,998,6/23/2019,6,Yes
999,67,Innovative executive support,999,6/21/2019,1,Yes
1000,16,Optional multimedia secured line,1000,6/9/2019,5,No
