inventory_id,aisle_number,expiry_date,manufactured_date,quantity,row_number,sku,product_id,store_id
1,D,11/1/2019,11/8/2018,12,9,1CueujjT2KEuiqoNzfYtV4n7qaa4jPDKZ1,84,26
2,H,9/26/2019,10/15/2018,60,9,1DA1tuVuVazcejnqeaU4Xgh4gBuLVC7xmY,779,61
3,G,10/29/2019,4/11/2019,17,7,1J2Q7dB4fDUhUhX3hVbhpswgvBQcVvpvMJ,432,85
4,M,10/31/2019,2/26/2019,26,7,17xfVYgzabcJUjC4a7v4cPXP7cZh3KbX3N,745,24
5,I,9/5/2019,9/9/2018,74,6,17ovynHTqi4cCctxKcpUTDUhLRQTi1CLP6,287,97
6,H,6/23/2019,11/23/2018,91,4,1Pmr1UyYePzcca1cJHYtxSCTeZLCnqo6Js,9,6
7,H,8/15/2019,2/20/2019,11,3,1uQ1hca9ezSCH7oXRhCLk8KMbaumoY6FG,14,88
8,J,6/24/2019,9/5/2018,46,8,1JCzFT1T1Ty4S6uX4ocKx4nxHx5akgvcD5,174,93
9,D,9/20/2019,12/30/2018,87,2,1FPwtXkZjJLyQGKr94b5Gj198Eue7eWGvU,7,32
10,D,7/13/2019,8/20/2018,87,1,1H8hx1t1coe6XXEHzeDKApWwp2KQm3VRYx,503,27
11,D,7/21/2019,5/2/2018,96,9,12pXZr5GBpX8NJi2eVq3KDvsKUk3etQTaC,371,84
12,K,7/2/2019,11/10/2018,49,1,1GuvV3KUQf24HC2VnMHPnv6ezdMGKxSNZb,303,85
13,E,9/21/2019,9/16/2018,39,4,1EKeT1PnMGgw5NQFpRVPzmRvCx1ev43PGY,406,21
14,G,11/21/2019,1/20/2019,34,10,1MhuGR7rcBCUGZKBMtXmT3LHSSPVAKKYaq,630,54
15,O,9/8/2019,4/24/2019,93,8,1CvwesJyQD6pNAfrvWh2GfEzoWyjNTQ4M,826,65
16,F,9/2/2019,4/8/2019,93,1,1LNj73CbcwA27zsFphvEM7GKuktkLtzaS3,212,40
17,A,6/21/2019,5/7/2018,3,3,1dzo724iCvyhnVQvWdtC3gZBpQFKiGD4N,566,8
18,A,10/14/2019,3/26/2019,88,8,14bAhE3FkTKwhhXS78jb3HkZpJGPzttXkw,39,18
19,C,6/24/2019,2/10/2019,57,8,1GqrrMEJwX1pejFPkLNQTYDzAWgoiibuJq,907,80
20,E,11/4/2019,7/16/2018,97,8,18iRiw3cAzyZdEf5pyQjrpjUtkyHbrqQaF,778,84
21,I,10/13/2019,3/9/2019,100,9,163VuaFrm3CV4of28EgBxv3G55HZx6JP49,939,66
22,B,6/3/2019,12/25/2018,90,4,1HMrTpcSQzrn18935VsFsBFzqENffUNZ9v,248,21
23,B,7/24/2019,12/8/2018,23,8,1Khyg16FFuW8Mb295RQpRKnfyifUZsTtZq,374,52
24,E,10/6/2019,10/14/2018,96,2,1PqbKpVbUmj9g3wTbibJHsFzoEMt5FCLuW,740,59
25,M,7/13/2019,7/3/2018,22,8,1NLAsQZJvQkBXxPpb5y9nQpbR6ENDkpkcE,731,55
26,D,9/25/2019,9/15/2018,68,7,1BXwA59AQZfzcwAevk5YVjqv4mA1aebPgP,714,59
27,A,9/28/2019,3/29/2019,46,3,1HphvznDtUo6dXPmw8odsgTuJPExXa3DAm,786,4
28,O,9/29/2019,2/24/2019,44,1,18gp5q368v56BeqVT1pV1f4RtSRhBSaF6p,691,83
29,I,6/10/2019,6/18/2018,63,8,1Eozrxk5HSb17pSVSUHnTsFdAVhpyEo7vt,110,9
30,M,7/5/2019,7/27/2018,43,1,1F6Dgz9z1QC4oXZfERbZtPBgr6piF9JKmk,103,6
31,K,8/25/2019,6/26/2018,46,3,1BakcxArLwuSnA8t6FVUZreJWpyo7P16cC,518,43
32,D,8/23/2019,12/8/2018,43,6,1EeMmhbhzouA2WVvZjj46LChdthj6dmZ6n,272,70
33,G,8/18/2019,2/10/2019,23,3,18Mbk6EEhYFYB9RjLjQSBhWkdNGu8XXfY7,378,50
34,G,7/5/2019,4/21/2019,37,8,1HMBxiwEsmLvRfQ7Y91SGMpg4Xk3hvJ47q,728,6
35,J,9/11/2019,8/20/2018,3,9,1F3mtCuW8Ym5Y7y7WQPeLnMsDfqw8FP9Fs,924,85
36,F,6/11/2019,7/16/2018,58,10,1PZwE7156roFoFXeoQ4EHiu8ReTia9fmLu,643,82
37,P,10/12/2019,3/16/2019,25,2,198xSvZEgjZ8jhS54NM9twrCyVC8jKAB8t,445,58
38,L,7/2/2019,9/4/2018,64,5,1K8uQ3XMnDaA2nrLzjcnv2phoVyUDi8HEF,267,70
39,L,8/28/2019,9/20/2018,55,1,13kaw3nSpikUPMZtFPRLstS8P52CRb3TXa,644,86
40,I,10/4/2019,10/18/2018,21,6,1646zhtDS837bEzuQFuwT5PF86fBnzCw4U,550,10
41,M,10/28/2019,9/30/2018,18,4,1GkkTYh372HUS3CTDLd3FuBCnivMTfCxri,753,17
42,F,7/22/2019,7/2/2018,56,9,1ASax8XwtEfSfZGbirpSn48ehbiBcF4zQR,596,40
43,K,6/2/2019,1/14/2019,100,7,1AvSoovgcv432Zj4e8YoLx2pFYh7RxeXX8,282,20
44,A,11/13/2019,2/8/2019,65,1,18RjGu8aKEuJTXCyfMgekVD9dP1EgmL6FD,621,14
45,P,8/15/2019,11/10/2018,45,7,1CtkfGHDwDC2UbWtHn59LXF426DtUKeqXb,247,99
46,K,9/30/2019,2/24/2019,28,5,1Fow6SzWsmGWvTRyBGhiTSiVhuhjNHUx4B,730,5
47,P,6/26/2019,9/26/2018,95,3,1ATSWQkMUxLhRPu8mVdtmCwb2mQ7N4wjrY,272,100
48,B,9/18/2019,3/20/2019,92,9,1HuTD3a8TKKWSCx73pvoxnUBbyp48GEta1,358,46
49,K,11/11/2019,12/7/2018,88,7,1BqFDmxkEG33edhbVqp5vqSCxk6S8qWeP8,235,98
50,P,7/23/2019,6/5/2018,51,9,1NentnwRtFwVpFp37uHwKLBY3cq2u2aGuP,273,15
51,D,10/16/2019,10/23/2018,96,7,14E3jKxvrxVr8g9KZWUqq9oenzsidDYDrS,835,70
52,C,7/5/2019,6/16/2018,88,2,1QCaLGqroiiQpCfrp2DqdeNkNua4sr3uQw,887,88
53,N,9/15/2019,4/28/2019,96,10,16ySg1HSmK35tnJbfmZ8mCsDHp4UxkLkpa,516,33
54,G,7/5/2019,6/20/2018,37,9,1E3GxqsMW1uAM1WpvfRmj3rYBXVnxg7a2g,187,61
55,J,6/11/2019,9/9/2018,50,3,1EpW2MkTP8cDu32PtyTcdRyosQmLLrquxa,103,89
56,O,9/26/2019,1/25/2019,20,8,1EyYaGibAGpwaqq2VBsRN1v2edBbXxDTFJ,991,46
57,A,11/7/2019,3/28/2019,51,8,1EHfQcM7uv9JRoFFNUnQSyJJifWqSU6w8M,618,82
58,N,8/26/2019,4/17/2019,26,3,13o3FbtPVJkoyJyBjaSz5ncT5oAegfcdL9,59,6
59,C,6/9/2019,8/6/2018,81,6,14x6daNDzH1bRddJRN4Rw9JmcqLrhdS3Zj,572,92
60,P,9/21/2019,3/10/2019,99,4,1K4tQYj864hgxivvHs5ReVPaJ9sV6mcCks,354,74
61,A,10/25/2019,2/6/2019,92,8,1EnWY6HYDGz3QGrRsSHpyDhVemXQo8g6rZ,89,22
62,L,6/17/2019,8/28/2018,73,4,1GZLLR2R7ZQjKxf3rirPQfSWiNmN4bK3qz,487,77
63,O,8/13/2019,4/4/2019,77,4,1MKevWNLDuR9g3uFmGwDBQqXdBxzRtCKmb,731,22
64,F,10/11/2019,2/6/2019,34,10,14NF2hDXNJU4qeTAhzTWU5PmRomiWNnBHs,630,73
65,O,6/15/2019,12/28/2018,97,6,1KACZxG6gEhZtYRujRWZWBEZcjzXQJvRjT,412,18
66,A,7/10/2019,4/24/2019,62,3,1PR4KWLKMsdMF713frjpLnXmZsZYf2HZAo,609,24
67,O,8/27/2019,11/27/2018,69,7,1JVukGTFHTPHRxgKw2vtrRKvXwjXhDkHXB,298,15
68,G,8/19/2019,3/16/2019,95,6,1EQRj1izAws68WurkgPdZY9JF1HGUhsiwy,878,16
69,D,10/29/2019,10/3/2018,47,8,17y42DkPCnVUxSQUCDESnDFdZ7mj9Dpxk7,980,38
70,M,10/28/2019,2/20/2019,28,8,1CUM1WTm1gzSnivv8fFKttaZ4SfbRxUyYC,75,83
71,J,6/17/2019,8/7/2018,82,7,1M51LAMWshRafNfetLguSJS5DAtPZ6bTtY,843,79
72,O,6/7/2019,12/14/2018,23,10,1P1W866s1E1YkUX6dVzY9J2JayDpNbHziy,198,79
73,C,11/3/2019,12/2/2018,87,5,12mmirc3486aUNz1aqDgKCe98fiAHpEaU2,862,84
74,D,9/10/2019,4/8/2019,62,2,16Z7VtHgTUS5ZiB2Hp1hWRjwN6cFh72Rxc,177,44
75,E,8/22/2019,5/22/2018,12,8,19TjzvHFNQF3WgJK5MR9aWPwRjx8ygRPo,486,61
76,A,8/20/2019,10/10/2018,3,9,1KhQcsvWnRw4Ch2K8iSQeSXc7vAVsHbvuJ,101,36
77,G,7/27/2019,2/26/2019,10,4,127X49QmPz2izPqaxh9RuXzSwFTKzdzSsp,107,87
78,K,7/23/2019,5/5/2018,90,3,12nzm25VAQBPzgs8K8czFMfs7NWBLXRSY5,91,78
79,G,8/13/2019,12/2/2018,73,9,1B5FdXtw6Pun8yVXMNpyzkN3DGvWJ3qs62,969,40
80,F,11/2/2019,5/3/2018,24,9,1PLN77K1qGqwAGxM8rsk74FZpgApKhszu5,254,18
81,D,11/22/2019,10/4/2018,4,7,1LeCygbQvVvLw5VZsFc57QnYFzCnncHdZg,172,77
82,I,11/13/2019,6/22/2018,77,10,1MUieYJ4u76xco143HRh1osrvZtSsiEbAW,254,53
83,B,11/29/2019,8/12/2018,48,3,1Po9biU8LxRZeWAy5zWEUz1FWHs4icbjNp,99,76
84,I,7/3/2019,8/8/2018,73,3,1HdwpyWBnCEzoWxfeEKMCMiPEBR2wB96wV,148,65
85,F,9/30/2019,10/8/2018,17,3,15NqSdKVyHEnnnxzhekmeaQ57kRUMWbPjt,962,87
86,A,8/10/2019,6/8/2018,73,7,18rqwRzXqS6BV79NZCm9xW1ypWqUJfKFRp,322,28
87,D,7/3/2019,3/7/2019,3,8,1NQLi1BZGoj5HYDvvvh3dZedQaScmHzNTR,596,88
88,P,10/10/2019,3/13/2019,14,9,16u9x17qLLpLteHGezhgDEHLMBn4NnxFLP,559,80
89,C,8/21/2019,12/12/2018,89,9,1KUJD2HG1E8Ytr4nhPBqJpWFvYRHomGj4Y,860,72
90,P,9/22/2019,12/27/2018,96,5,1BvM3DwbhFQok1Vr8Cg5JnxNbY18tAz6Pa,606,41
91,G,11/13/2019,3/24/2019,38,10,1CSgqkqnWX5eRxhCHt16QzuMXrjS5RzBJd,493,65
92,I,8/27/2019,4/30/2019,37,3,19uFd5fXNbe6cNa7ko8iHqom3M57SyMCdM,848,44
93,N,8/8/2019,6/4/2018,31,10,12XZkRoVBspiPWx8pYbZzRunqRvzBUpti9,685,26
94,L,6/5/2019,1/21/2019,27,2,1J6scZHGEQWUYGnS2iZ9jbP1yWXgVbGsDh,634,63
95,J,10/17/2019,10/18/2018,15,10,14i7q2Dj4X3oPDaKLcSzCcepQXD9dFWcEp,202,42
96,C,6/14/2019,12/9/2018,52,9,18rw3n1BxY23HiRmiChwTtFtvjUKBcK4NJ,83,71
97,F,10/1/2019,4/16/2019,24,6,14U1swrEZ5dGTEVAZLcWi2AbCTKaogqLwN,454,20
98,M,10/20/2019,2/22/2019,84,6,16JkzHuohvUhh1DZ8kFb4UK35bKbkazEq1,184,73
99,J,11/26/2019,3/2/2019,57,8,15FZ5YqRtKZo8WLWarR3Q8uWTRxVQ1nvL5,664,19
100,C,7/15/2019,6/21/2018,63,9,1Q8UnbmufUstwujkkkhpaQz91x5VGDFpbD,216,60
101,N,6/19/2019,6/6/2018,85,2,13ATR4VXZzLZDLf4ZF89eazSHZoB7bwZDm,726,58
102,A,7/18/2019,2/13/2019,51,4,18gVuQoTVtAPgUtx1agGSzncx6g8KrFY3j,873,81
103,G,9/3/2019,9/12/2018,46,1,1MiHk2jsUzPCLGBYT17iEnzBXrSPSNSkzp,762,57
104,P,9/22/2019,6/22/2018,51,3,1H4fEumG5dbTWGU5sdEL2bmwd9iv2hwSuD,277,27
105,L,9/9/2019,1/29/2019,61,5,1GaLcpCxZE9gvJD3kSgq4nJJ6fbUjAP3RA,428,93
106,P,8/19/2019,5/18/2018,61,8,1MJMuPVHeZmMKP8RnomPzR6gCZ99JGPuqK,349,15
107,L,9/7/2019,3/23/2019,26,6,13Ek8Exq5r4tjiBmTbiMpzNCaE9eRC6K5G,544,11
108,P,6/29/2019,12/3/2018,77,2,1432VBVLkZ3cjaBbm6eHXQk7j7ScP1FPhk,626,98
109,L,10/1/2019,8/19/2018,31,5,1J16pLCxqC6FuzxoCFUiZXBbyGUEoV2tJc,201,34
110,A,10/2/2019,11/20/2018,33,3,1LmxxgYMjAWY3fgvWc3fcFaAmSkQHZUchu,578,18
111,P,8/25/2019,4/9/2019,82,8,1BdDSBWiescdToBF1jgj7MJKpjCVgtxXQn,225,72
112,M,6/27/2019,6/4/2018,98,3,1AGhgFt7XBxgrnaQFEdJQtiMJoMXMhNXNy,274,69
113,F,6/22/2019,8/18/2018,39,2,1ANJpGAbeNFz61YZoftWjv4KXo1oxoKMP1,453,88
114,A,9/13/2019,12/20/2018,36,1,1DNvmfr3eBaLrAbstpvjarEeFBDdPn2isy,222,55
115,O,10/10/2019,4/23/2019,86,8,1Ec4vzRdyg9YWm5xrGCz91pmYHj3ES8o8o,400,52
116,N,6/29/2019,11/29/2018,24,6,1EGgVNcFta2QpQUnNtQpz6xaxdcwzTfmwZ,810,16
117,M,9/2/2019,9/6/2018,10,1,19YaYzD4evtpXjQUwRkwHwdeShCnhgfzCW,505,78
118,N,8/7/2019,7/19/2018,91,8,1EpxvAcxcYpfKu7j6Yi2S12agpVbPSsH7E,346,82
119,E,7/28/2019,11/17/2018,91,3,14WSL1VmynSPW8CMkpSCiwYtTXh74nMz99,10,61
120,H,7/17/2019,9/3/2018,64,4,1PaqxWKX8XbaGkwmWEQW79Sy4JaLpRK2on,428,6
121,G,7/27/2019,3/22/2019,94,10,1Bo3kr5SpFkwKuk2nHy9XfMHAd6HyjE2pD,182,51
122,J,6/24/2019,5/3/2018,45,1,1Djb537rs2r83nupHUcQxbSccS4CkW5Qkp,588,32
123,A,7/7/2019,3/7/2019,20,5,13JKehuG6wCzA29fuRT6HfNCtJ9N8mUKA9,736,25
124,H,6/12/2019,1/3/2019,19,5,19WLwkFbKh7F2tScXvndprcy2SUtDNdPHG,969,97
125,A,10/25/2019,6/30/2018,80,10,1GhVcxntr8eomvB9mYYiFuucXWg4eHQRsZ,396,55
126,L,10/30/2019,6/8/2018,69,5,1FkZoyTk2P6RzN2NyuYfb4ThLQwtSZN1rS,269,2
127,A,6/13/2019,12/28/2018,66,7,1BYwARGwZ5ahwn9sgbzkyKaThS4f9u1e38,610,79
128,F,6/5/2019,4/29/2019,6,9,1Ah1kt5Uw2p3gKHxEPEcZ77G7SGqGnmPke,436,93
129,N,7/27/2019,12/3/2018,23,9,1CovtpjbRNeoDpyaBjNobuuy5Um2PpZosh,912,68
130,O,9/30/2019,8/19/2018,20,10,1DdpmHN5QRzrU2YCfYy7CqmroeVFPWRasp,644,86
131,A,11/19/2019,4/24/2019,28,3,15ovag1bJJtBvYap3zVUJcwq6ADBqCmXB8,99,14
132,H,6/30/2019,4/24/2019,7,7,168qotBCrKVecVqtyh8NLYECKQoYUVknC9,288,91
133,L,9/28/2019,12/28/2018,6,10,12tqKWfY15RE4W8Hb4PHf9iYqB9XkLVk8J,260,69
134,B,9/13/2019,12/9/2018,68,5,1BF1fMsdR5X5ytYLgzthpCbHmqUbWZKDqR,127,7
135,B,7/22/2019,8/29/2018,65,6,163hQGh5PFDVSaWwhZ9VT6vrwBnp2UigqJ,582,10
136,E,10/11/2019,4/11/2019,100,2,1MQt9815JZXPyiqMXXEeFx21V9EVkFi1F2,805,84
137,J,6/15/2019,11/18/2018,29,1,14Ba48QRXhRASo1v39rKxFRFDAzHs3vnWF,987,22
138,D,10/17/2019,9/17/2018,12,7,14cfYJKx2DpQfx6qeEtRRNe9ehJc3tk4a6,368,89
139,A,8/15/2019,4/17/2019,6,1,1Na7xJ14JtNtmTjFDWawkifp7DfSp7RniX,133,36
140,P,7/7/2019,1/2/2019,11,9,1J9LpoQNp8KceD5nuirv1SDRRQWggbDTZv,189,79
141,K,9/3/2019,1/30/2019,10,7,1MiT8cWyqcK1wEVBZyTm5depJYRUEe4nWf,264,97
142,G,6/12/2019,10/22/2018,84,1,1FVcKzPeKxP336dZaBCiahkf5VKTuUKJCy,86,52
143,F,7/30/2019,8/14/2018,20,7,1ATNXLR1tZqiSmYyvhuFF1FmERrfBHxyfA,982,97
144,F,9/17/2019,1/21/2019,34,6,1FcLbMZEjkSBzrN8jR33FuVPP7azJUfQ26,785,35
145,P,8/7/2019,7/10/2018,85,3,1ETQwS2KUYpik3jv8So5dYeAvihGdFwD4m,35,3
146,H,9/22/2019,11/10/2018,39,2,12SgjfGGAsb3t2Fe9noU7iwTPWpEWWs4CG,850,12
147,J,7/29/2019,2/10/2019,34,6,1AzPcHRkWM1JaZxavZcNqaocPREBsaErFG,77,53
148,P,10/8/2019,2/15/2019,37,5,1KLSkBrxrGh1UeGkjLaPM6cV3XpJHzRPpJ,765,84
149,F,9/10/2019,1/5/2019,43,4,1E5fSEfT3F1EsyGVGbaYtPNmSLLNohkLHL,404,36
150,B,9/28/2019,9/17/2018,66,1,1Q8KqcnXufSz9B5zMwgez4PX8aAREtmhmH,39,9
151,F,7/6/2019,9/30/2018,71,10,1B28feDVCeJRGndF3iJJBXM1woVfLq2T51,971,42
152,O,10/29/2019,3/29/2019,48,1,1BAxJgJy3oprcx7YKc3DPEkSvn7z1gRQzR,232,86
153,E,9/26/2019,11/7/2018,29,3,1KcyJCu8o8QrnJczshpkZatjQVz5G9CPXS,706,20
154,D,10/22/2019,5/11/2018,84,7,1AgumNWKbNxyLCcedmHZVj7tCjZeAcjZMR,572,38
155,D,9/13/2019,9/13/2018,85,6,1bZ1W7ks5AeB7FmQb863FHW95BsEfkUun,700,64
156,H,6/18/2019,3/16/2019,94,6,16ktnLamnFpqjhUpMWBN35kntASETv1vDC,718,61
157,A,7/2/2019,5/27/2018,24,6,18EUQ3znVokELR2nxeAVkrXfPfeLTEB3co,983,9
158,J,11/12/2019,3/8/2019,8,4,1CmjY1dqEDvwVyGAhHjew4uN2eLxLfbN5,635,10
159,I,10/7/2019,4/3/2019,47,8,14NYL5hqWnowwTXLT7EpJkuAz8p57hPGtr,621,62
160,A,10/18/2019,9/29/2018,72,1,1G6Erhb7dFJ1Lwh4wRAc3RLNxmeAVTSCYt,182,29
161,N,7/14/2019,1/14/2019,25,6,16qqe9agGjGENSunwDaGQK5qDKpsmJF6Qn,789,34
162,F,11/8/2019,11/20/2018,14,6,1BWHjZ1aGm8n1mZ1nY9FHfL13LXq4BKSur,195,70
163,E,8/17/2019,6/30/2018,1,10,1EjsWoudkcpc5zb9fHKU9gkqzHoEg4ZSu8,145,23
164,O,6/11/2019,5/6/2018,82,8,1FJC4ysRjcNWSn5XHCfPjxBwuTXm8XVYQZ,599,57
165,A,7/9/2019,12/28/2018,27,9,1Kyt1a1L3Eft8N54p9P5SkRKDdwBQ4xvGP,801,25
166,C,10/11/2019,1/7/2019,11,3,1CS8RuLezgTv4wvEygVALVZktw2pMbvn6Z,359,70
167,E,7/21/2019,6/17/2018,50,5,1HTYXGstN4fnF9BjSEtV2PP3TiSawVuukL,163,97
168,H,8/31/2019,7/24/2018,66,5,12cyEg9nWL2SZCM2YtRthDmgHndqSseKtP,482,16
169,E,11/29/2019,12/21/2018,39,4,1AfwSv55iFhG9soXzfKSYquPsPSTnFrnq9,517,71
170,O,8/19/2019,8/4/2018,69,8,18kFMUZn3Brz75idDnWa2vxQyfyHomCoFX,697,15
171,P,9/10/2019,9/10/2018,77,3,1691mo1Dv6oFbs1SFoGFKbEHZUhZ9b222E,234,86
172,H,8/19/2019,2/4/2019,61,10,1Lv4jSNdw1BPUV3seVWR42mfquL65Qocci,468,89
173,F,6/18/2019,1/19/2019,4,10,1PFRPJGUichf1237BEKbRy3YWdFZvRBY8f,574,85
174,I,9/6/2019,8/29/2018,67,1,1C9s3tDR7ynXtoDoQWiYibvVn3FLG6we85,349,84
175,H,6/10/2019,3/11/2019,40,8,1H8qJdhbg6GAdWvVR4icfrF92v6fdWBVFz,389,66
176,D,6/27/2019,11/15/2018,44,5,1JuGroXdoaU2QFbpErqPXKq5BFCSDFqpL,875,69
177,D,7/29/2019,12/23/2018,66,10,126AH1THBrPL3qhcMczGXR4ZhP6iTvMA96,816,50
178,E,11/23/2019,7/11/2018,65,3,1GLW88xQSwyne4PWZTGKqcbayDiuCPnY58,434,61
179,D,11/26/2019,2/16/2019,88,1,19CYXv9Vbw6sqFUcQGwZSP13niKd1wmkDY,528,28
180,K,10/5/2019,1/9/2019,72,3,15DyaiAD9o5arqpvhBwHGvp5FnXURxz9q3,275,59
181,A,9/20/2019,7/17/2018,87,7,18g5VRU7JgX7D3XzTKerA7iqg2ogDCdRiH,767,40
182,O,8/9/2019,8/2/2018,31,7,16ftfFCR6kPPtUsmrYYrvszEDika67Dt9S,280,53
183,M,6/7/2019,9/29/2018,91,7,1PNM4TFrCtrBzHRf3ZyuiQbpVbmdQ7T34C,749,81
184,O,11/20/2019,9/12/2018,57,7,16zQhRKNu8VFQXskcLriwqVFBzx1U3jP11,852,53
185,M,6/29/2019,6/26/2018,40,6,1H8yBKBb5UaJdMtoMVkihNDM8of3zMGLjv,131,2
186,J,11/9/2019,9/12/2018,8,5,1JAqheUNzYVs5h5cqfp8RB38cJPQtpwa4z,354,13
187,M,7/24/2019,12/21/2018,25,8,124qcESzbst3uGd9Pc4qhv3DMJiwd4Hxz7,364,26
188,P,10/29/2019,3/17/2019,36,2,1L66TEcj9GWR2R63d5ftVoS1mvuV71MjQV,307,38
189,A,8/15/2019,11/6/2018,99,4,1P3y1yH566oahF6Fh6oEqzEETZs53uKqsE,78,62
190,J,8/25/2019,9/14/2018,26,4,185XZimayE2NDZbS6QR4vjRpygi367fSuW,458,25
191,J,11/12/2019,6/25/2018,27,9,139UGgFfGt9BCwyeYXZHx1NbbxCGRTzMot,918,46
192,E,10/16/2019,9/30/2018,27,2,1ENAUBVEvYUx3o6Z22tecVYwdxDpmQtqc3,537,96
193,L,6/15/2019,3/28/2019,46,4,1EkEN1JZS2LND88xZ7wjq2p9PsbwdmwhVs,68,8
194,G,9/21/2019,6/21/2018,17,6,1EsEc2Vucvozg6N4xJ4zH8VhjD86A9PG9a,349,83
195,K,11/8/2019,12/8/2018,57,4,1KmWFSCpPXeBEVVZMF1PEeGYxicBgVqKC7,689,72
196,L,6/25/2019,4/18/2019,87,8,1PvsNoBpZsKVZHDp1Gv2C3qbEsVtbuzwzo,527,47
197,B,8/4/2019,1/13/2019,85,7,1B9AGxbkc33DJRbcbD4ouPnbU41eGKufec,850,45
198,A,8/7/2019,2/11/2019,18,9,19LU1BJw8zYmgNY23zXv1sPXYSCJqBQE7k,373,79
199,H,6/10/2019,3/18/2019,30,4,1JTGh23UwwBN9GmrZCr6wiH6dnGU7UJ1sY,704,13
200,P,11/3/2019,10/13/2018,14,6,1N5KhPL9Nmo4YW1fzVffSfRk1dFu3cGS1m,12,76
201,P,10/19/2019,11/12/2018,47,4,14mcQn1iamcoHY1ddgYgnw2GuCE3VQLMbe,377,34
202,I,9/16/2019,1/9/2019,100,10,1Hb8MGytRuFHN8pZiwPBMJE6uWTRsD2fnB,303,32
203,J,6/13/2019,3/12/2019,2,1,1Kk2hTrE18rpytEgTatUNEAF7epJ8sFVNi,528,98
204,A,10/9/2019,11/24/2018,72,1,12XkEBVioNEmG6cfyhG7afM1QKuEMmKwir,255,94
205,I,11/22/2019,6/6/2018,39,1,1FS9Si83uxQNpJ1dVVbBio1Y9vgW7eUohM,674,60
206,D,8/23/2019,7/27/2018,26,8,1LpeL8HYTusu21cZXU6GA2Pri2CxxH9xXL,508,7
207,N,6/10/2019,2/7/2019,13,2,14EaKdAibqeWDfTmHnfigggNZK37RtCwTL,445,19
208,L,6/26/2019,4/22/2019,2,3,1AyR7ZS3Q84wk8spit96eRtt6tHpGni4Rj,700,53
209,L,10/26/2019,7/8/2018,81,9,1QKzmnnuwcGXWhW1vCzRH17kTgGzBvzJBZ,636,82
210,P,6/20/2019,4/16/2019,26,3,18aCgWsNkqiNoHmtA5Sprb8rFcyzrg4AoW,594,70
211,H,7/4/2019,7/24/2018,76,10,166z11mLwm2ZykfwDV13Xa8vX3WZhud3GZ,947,32
212,D,6/28/2019,6/6/2018,75,4,1HebLwALXwggY7PtiM1jJU1Rt1LzueNssD,372,60
213,D,7/5/2019,8/20/2018,3,8,15BHmx2F1rdfmo18pE294gtNae1qj8AxQZ,30,90
214,I,6/5/2019,11/1/2018,31,10,1CPJ8gSPddrREw1wvQ9FELTkwHEwXcxavE,174,88
215,A,8/22/2019,5/9/2018,55,3,172sSp1r7z5XJmJz7sV5jKifzUnHtfvGPz,330,20
216,M,7/14/2019,9/20/2018,44,10,1CT6HeuKa4bxbYiTqWHVv8dT8zhDyouBmW,677,74
217,M,6/11/2019,7/25/2018,32,5,1uyTjtGXHUgtkJA2ZaEeMRtF4F8V1QkyV,697,57
218,G,6/25/2019,6/16/2018,23,7,1AeT5HkCUb5N28XuBYhDPYKnZUrLJNPxFE,99,82
219,O,7/28/2019,2/19/2019,42,1,1ACQA7EkfWJiH9MjPFhoFhbisqsqAkbfKa,406,11
220,F,8/22/2019,3/21/2019,54,2,12oC5F7tEk3P53XPKhvjwnWpHVTGB5dtFb,587,98
221,G,8/13/2019,3/28/2019,13,9,1J4FErFjPKyfv6LNB7CmPnocRuwQHqW8Uj,882,23
222,A,9/28/2019,10/7/2018,14,1,1CqJfFZWQzV3Zm8piQQMcPM833p2Vtzctt,731,12
223,L,11/8/2019,11/6/2018,52,2,18K6QVQfYqnYKTAW5SxnTRKkH43vfdrNEL,708,88
224,M,10/5/2019,2/21/2019,44,8,19J9z8jLNUhsamCAwmwJ1H8R3ZgUPctD6e,367,30
225,N,6/10/2019,3/28/2019,78,3,1HcBLM5Ldy71WLRVWRHGVNG7iySiFsTpX8,39,7
226,J,10/22/2019,2/21/2019,92,8,1FNr7x7a4MoUNsWKQJsn6b5MkPvNESBQGw,749,40
227,N,6/12/2019,3/13/2019,96,6,15BfSwUFM884aKBtgpAszxjrSNXBWmiMCa,14,19
228,N,6/26/2019,7/25/2018,72,2,14o1YNkYhwta1m8MM9kehqQ2xMB36CuCPo,530,54
229,C,11/3/2019,10/13/2018,14,9,18TuNbGJzYLmXaXq9WuiApUYaR4Y2zaMba,94,81
230,M,9/18/2019,5/7/2018,18,5,1CG59F89kFZqGdXqj4nk2zdrnpcUt8osd3,977,66
231,B,7/11/2019,7/22/2018,70,6,1NBETFjtBDRHCgoNhehZn9mBXMyy8GsV4N,257,50
232,E,6/7/2019,5/22/2018,74,1,1LGc5Epuc3JWz23R6bDNG7pn1dWDBHPfyd,10,90
233,G,7/8/2019,2/15/2019,89,8,1u4q4xgYaFXZJUPLnWFJcc1FMuugcksxK,853,100
234,C,7/2/2019,11/24/2018,46,9,1KwtS7qNRLR7sTY3NhD7Dxg9WQFkfXg5A9,403,65
235,B,6/21/2019,6/11/2018,86,8,1KR1whZtt4M7XcUm7ZxQPyUigjHW9JmnuH,371,41
236,E,8/23/2019,12/14/2018,37,3,1KYf24VADMyXJwrB9HqjoHK6TK4pv5ESxc,592,97
237,C,7/29/2019,12/28/2018,75,2,15s3QRvMZYjZidVMLjzD3V4ezwNdrzFxyB,625,9
238,L,9/28/2019,11/24/2018,79,5,16SvmaE7mjEkAPWctUz6BB8ZjuV6Xu7rdQ,852,4
239,B,8/27/2019,7/17/2018,52,10,15t7UkrRSjnHpGKFjAsopzP1Kph3QVdgtM,5,65
240,O,11/20/2019,12/29/2018,8,3,13Jju7LMskJZXzRhpFu5fae4vUPMrN8JsX,514,50
241,J,9/12/2019,5/8/2018,55,8,17sAgptt6kjkLXTeFE7FzhRoVTL8Z7AwEm,86,40
242,I,8/15/2019,9/21/2018,33,1,1Cer2UD9jyyxuE7ZAzh3s2d2b8J2WxZumX,631,94
243,F,6/3/2019,8/11/2018,37,8,1NnQatwiPMJFL3xjx7AQyPggUxTHXmvbME,610,57
244,P,6/9/2019,10/19/2018,52,5,1MMTLabMcqh8cC23B5vrUehj9vznfqm7DA,668,50
245,I,7/14/2019,7/23/2018,51,1,1M8j4dwqR8LsbtFzniAp5t7n9XRfS43Nz4,789,5
246,D,7/30/2019,2/11/2019,40,7,1GwcPgcSWcSenT9fpWFR8pd6mMV3RtBUGg,309,93
247,B,6/19/2019,4/19/2019,75,8,1NVWJuMTN5XEdEnkoxSefz52uzVYaSRKnE,870,88
248,I,7/17/2019,11/8/2018,75,7,13UxQxeUDBy1qMP9Lzpi3NBymbLLJ95ZbJ,955,57
249,E,11/12/2019,8/18/2018,84,1,14soJi9Gy8YgUcTQboi1pyLmTmwRAph6Ey,805,61
250,F,10/3/2019,11/15/2018,19,10,19o8hxVkFcG93hUrp9rmBtmgnrXV3bfvsF,590,14
251,C,8/9/2019,11/9/2018,19,6,13hiopCrhZqdWVzBnaPUqThJNiCk3yq3bY,203,81
252,H,8/16/2019,8/18/2018,47,10,1FqsGy8JmS2QWd6sxPG9nR7GRvVUZADFht,580,30
253,I,11/4/2019,9/6/2018,84,10,1HdRvFAWj4nDQS2ZEc94sLTUG1yyvTKxqm,530,68
254,C,9/1/2019,8/23/2018,99,4,12n6fj8vA8YijVHtxSQN2EKSL2kPiNd3hE,162,90
255,C,10/16/2019,10/11/2018,35,3,1A8HAmabVYLTazTTtEEybfPMaa2KBog155,127,57
256,N,8/17/2019,6/16/2018,91,3,1HxiuKKNpbwWzLyfsZHjB9fZDKM8E21BXX,788,86
257,L,11/25/2019,1/15/2019,3,2,1DgEow4qLSVEqRFp1M2wESsCdmH1VUBVVP,281,29
258,C,7/2/2019,5/19/2018,10,2,16BXYh6NTCfvVQzEqTy4Whfch5urPwnDfd,807,48
259,E,7/25/2019,11/11/2018,96,4,1FtM6W8xEYLKaFSCyrU8ReqAviXFDabXxQ,448,22
260,G,8/20/2019,8/21/2018,93,7,18nuf8xS9LuRxJRR2cBQXsPN6TowkLFCM4,888,92
261,K,7/29/2019,9/6/2018,70,6,1G1taNLLRF6veWewqSHr6TaNowxLsCTwdy,268,23
262,I,9/26/2019,4/16/2019,98,10,1KQrEnUzagDFmP364JT7wPZct6ZVEeSDkL,331,95
263,F,8/21/2019,11/4/2018,58,3,1JNQKDF52PML8SMKRREM1cVBHLNE9cz6mU,954,45
264,E,6/4/2019,2/13/2019,69,8,1BCJJjCXBFwj8am6sHwcWDMNokcPAnMV2Q,210,97
265,P,8/1/2019,1/22/2019,14,5,19ALhrxNDSUw5GG83oZoA9nuesUjYAopLY,896,29
266,O,8/23/2019,9/3/2018,77,5,1LGpcTZ9u55KD8wMEgJS2aYdqECJycgrZj,732,18
267,E,10/20/2019,6/9/2018,66,5,19csRaEVRhuokTpdSyeP2FJ2Yj1dsFh2pw,89,21
268,I,6/9/2019,4/4/2019,39,2,16i1kPZzQYGEtLYL8LL2XV2uUsXkBqSE4p,740,13
269,G,11/21/2019,8/28/2018,84,9,1KYjmLVYaYwsLBTFEeVwZk8rteRui799wq,48,43
270,G,10/7/2019,2/26/2019,20,7,15LDgHGvXiVBAbFHGiGqahQvbmuJ12Nx1g,425,11
271,P,8/8/2019,2/20/2019,80,1,1LVB8ruwWcnHG9n62BfYce7YbQ2XBYRTTL,240,81
272,N,7/13/2019,11/11/2018,33,9,1EwwV39n8pyxD8x5g7gcUe87q4tC1zpdxb,848,82
273,F,9/3/2019,7/27/2018,92,7,1932hBeSoF7JcgWoX7rqnGvKWQmjZhXoZn,871,84
274,J,7/5/2019,12/16/2018,40,3,1Di9QWsF1uTzN9iZXdprHv4yJjheSJDAdL,85,53
275,N,7/1/2019,7/7/2018,49,3,1BqeeEhEeGM1T4dwsqzkE9A7Vf7Vp4jAfx,684,12
276,O,9/17/2019,8/1/2018,55,8,1Jjw8jQ191CgCJv7jr8oZiKWExbM8DiGHG,825,29
277,A,6/19/2019,10/4/2018,10,7,1HkSw8WCLubBpuX6dt5xP4YMC2YAmpwaud,161,22
278,E,8/27/2019,4/23/2019,7,3,1E7CsJTVJQRXP7C7y91Axw95qCxvHkQeZq,759,99
279,B,6/24/2019,8/28/2018,61,2,18wHfXMJgSUqy1d96CoME1tmy4jL4qpTXp,495,70
280,K,9/2/2019,2/28/2019,58,4,1BycBSjMqwTUf3DTNcX1ZLEaudAoKtQmtr,184,41
281,A,11/22/2019,6/24/2018,45,1,1FfhgrTVoKHV7LzbPqW64NERt5PBuSQ13p,190,25
282,O,10/31/2019,6/12/2018,62,3,1BEvDqXHmXA4ivZKY6mwURVFZyerVqgGai,421,21
283,I,10/2/2019,5/20/2018,84,1,1Kzw2GFwH8UEDG5jSMeifabZUpXTvEEb9A,694,63
284,L,8/9/2019,1/22/2019,96,2,1P7u26Do45LP84YNsJPqGk6yy1mmsYsJK3,600,25
285,M,8/18/2019,9/11/2018,80,8,19oqsVdwYBxhkxp5iYLsdfHdf11B621Xkn,963,47
286,E,6/19/2019,6/28/2018,67,6,1GeU8tpzQi8NbKkwWzycDi8bzJ3GZy7BhH,122,59
287,H,7/15/2019,11/15/2018,75,7,1NnxC7kpPHVwJ2u8RzMVTsGG4Ng312i2st,492,97
288,H,7/26/2019,9/2/2018,23,3,1DDjw8VFZV6ZcWYncExvbgEQTyprzZe88h,824,100
289,I,6/17/2019,5/17/2018,72,9,1JHjP6Mb7TkzRBXdNxRHNsMgvtUqrrCrt,330,7
290,D,7/2/2019,9/17/2018,92,4,17WfEoCqV6xRs6Scn9nVdiiXeZsCiFLugS,677,70
291,E,11/11/2019,4/26/2019,85,7,1HPgQvzAanU6BTAEzpEB4LJLkV1M8mL7L1,198,99
292,P,7/3/2019,11/7/2018,58,9,1qxweNDaYtQq48rFE95BAUMRwKQMeYQvf,160,95
293,I,6/24/2019,9/22/2018,4,4,1Fz7c3Ad2RjEeYXPP4MvQC9xXB45wQpYMG,254,62
294,O,9/23/2019,8/5/2018,49,5,1FrRV1WiA7cSiD6Xo2JVrzc2DpK2Xx7Ncz,689,52
295,N,11/15/2019,4/11/2019,95,10,1G3KYmftR1jLZzZrJ76eEAXZi1qkYdGE3E,806,31
296,J,7/17/2019,8/25/2018,82,5,1Dn2sYaMhWrsCzW62hWyCx5oTdjANNhbaN,861,95
297,J,7/4/2019,3/3/2019,17,6,17mhBu7B1rMtdxDHvwGrD2JFmpDJXrFj5c,378,1
298,C,6/9/2019,2/25/2019,16,2,1EwhAfmYwrkrch1oS195LPcT93tjdN79Ad,297,72
299,M,6/9/2019,3/19/2019,30,6,1DBW2VAmJZTXxByTvrxtS4DH3J79ReGZE,526,57
300,G,6/19/2019,11/16/2018,62,4,1Hi71nPQ5XXLV8Xi1jTGdZfHEHeRuRAWSu,790,38
301,J,8/12/2019,7/5/2018,51,9,17kxgUbsSxMPT52Tbp12Yapn44P3QiSztZ,588,38
302,G,11/14/2019,2/10/2019,60,6,1Mmpim4cZ3RujU4E9HWC5r5h7FgiLgjGqZ,563,57
303,I,10/29/2019,2/7/2019,48,4,1DQbG4Y2AZPTEk6QC8WgSNzC3PkxkLnsZC,395,78
304,H,7/13/2019,9/3/2018,49,8,1NKqLKRSaLBCVLu18m8kf9sL6J4TKTvoSD,128,93
305,H,7/18/2019,1/4/2019,65,3,1CnwBrbvCScETkbPy1cfXcBb71aPBcCytF,903,90
306,F,8/27/2019,2/18/2019,49,8,13WsMRNkvj8h3TuU5BFTEZxk1phjchRxVC,963,2
307,I,10/3/2019,5/19/2018,76,1,1AZuJH4gUJSZakTm1qkBBJ9QXtxKxj4ppJ,451,88
308,E,6/22/2019,7/26/2018,45,8,14S1rQUMKrX2UA4qiauCpzBMKgBvSeMw84,919,22
309,B,8/25/2019,6/15/2018,16,2,16pYanxo2wkdrYzdsPRBAgr4y1AXRzNz7b,197,81
310,P,9/25/2019,6/16/2018,35,2,1DaBYZvJp3ShiorNZKZt5NndTaCBij74v9,762,52
311,F,7/28/2019,3/24/2019,37,1,1NQoc8raVXfYr38uq2dUYLRCxUbEcGGNCP,604,34
312,M,8/20/2019,3/16/2019,22,9,1KPZec2PHig1gvr8nGJPrnPuVxA9KxBf8L,192,9
313,C,9/8/2019,10/24/2018,72,10,14TFo4mQp8wvAdcCXPLpmhQ4ry4JxCfRzu,320,89
314,F,6/14/2019,7/30/2018,17,8,1EyAz4DCczP2n55kTbHRkDL4zWeJhDyCdp,919,96
315,A,11/20/2019,6/11/2018,68,10,1Co68RudBv7BT6LXE31X3zpitPxGNZNa6k,964,27
316,B,7/20/2019,10/7/2018,35,9,1NHSvk675jnwxyUuwacqyp1pdCRvJzQHBj,905,79
317,C,9/20/2019,8/6/2018,88,8,17MwaegGeiiAHnJ1XspFqpzyjSqSNb49i5,998,98
318,M,7/31/2019,5/25/2018,30,9,15BWAMM3kAQvy7bhX4heH4aQrapNQVGB9F,158,69
319,M,9/14/2019,3/10/2019,15,4,1NarviDaG39gW1wFoncUJhVhRDjzV1kFex,775,44
320,D,11/17/2019,12/9/2018,95,4,17k2tJRuwAMHcFwwk8LGurzwmZTNn2SYzW,9,41
321,C,7/25/2019,4/13/2019,86,4,1Lm26nt7cnCTgRiNz1HKxLpW2w8pqPTfaD,997,96
322,L,7/26/2019,2/8/2019,71,6,12ycs2Wws2zZp3i7nMBN9o43rFUNEhmCeU,150,42
323,B,7/19/2019,1/18/2019,53,9,14mFGQit5aEfHCG8kN8y3uAAsvTDvEjon5,103,40
324,N,9/22/2019,6/18/2018,45,1,15EwcVnkLDhZJwP9uAJ4mESShLX7WJrmzx,267,75
325,H,6/25/2019,5/29/2018,64,5,13HPytEyCpqcGUDUg25YtSmwFAZGJN6xRA,75,20
326,C,11/3/2019,8/15/2018,46,4,1DAVGKvEC2tUrREhgBQaKD6CfYq3kHTPx6,389,56
327,M,10/27/2019,9/12/2018,70,5,1P1bhzwR3ZP6zYi5M6khGKJmjbkEeu49d,535,41
328,L,7/10/2019,12/3/2018,36,6,1Lo2BrL9rEFg9KC1pBGGBRVv6xcF7Dx3vu,165,82
329,J,8/8/2019,9/2/2018,56,9,1Fvqh8GnykYeYn19bdUucwKAJJU1e1HDS2,374,76
330,N,6/20/2019,12/29/2018,89,8,1BBHiEnxpRG3NWGeVqyMpVUkCNkS4x6PBH,940,12
331,H,10/29/2019,1/6/2019,12,1,1PwqF6WcBaWAtES9YAyXNL7caB3Ex45wTy,408,76
332,G,10/14/2019,6/1/2018,46,5,1Pzhpruy8HJrt8rnEfhmMv4zKxjXEZae7a,757,73
333,B,9/11/2019,11/25/2018,32,3,1NoEE1VNzFnieKrdpR2aPdXuCsjgq3MXaU,580,8
334,K,9/17/2019,11/16/2018,89,2,1BBZshsHAHaFY3n5n8QGCwwQ9nPGdNuNd8,642,45
335,K,8/15/2019,7/22/2018,73,6,1DtDVXmYQo75AepBSzLPQUEpLjJMNFKswM,3,75
336,O,9/19/2019,1/2/2019,77,10,19NBUy1ZJhtu54S8Ded1hni6Z6mseSYZQA,175,54
337,P,9/28/2019,10/13/2018,10,7,1MJvgooZLDcyCLokp314mskcMtCveUYeWG,485,40
338,I,11/17/2019,8/28/2018,82,6,154hGdaRS129Njju3rEFY6vzLAMsC3iLC1,801,32
339,M,7/19/2019,4/15/2019,87,9,1PARhAmKibHCqjHpcrQ4AqGbzyjFebTKhy,748,24
340,P,6/17/2019,1/4/2019,32,9,1JZ1jRHymWNEZUCiEgBQM2oqtyZhyiqTRK,373,79
341,O,7/18/2019,6/14/2018,55,8,16Mqby14hE4XhGYXz4TgVTT5kKHVNNBCXG,584,58
342,E,7/23/2019,5/13/2018,12,1,1MShAc46kqCToMpFZR5hDHoXi5y3AdyWLR,101,39
343,H,10/21/2019,2/12/2019,77,4,15zvx4CSFAqi6J5aqXTCtxTJbiBjVqmU6T,962,86
344,P,11/15/2019,4/27/2019,5,3,1F38Jwzr9tSYR75tqySV5niQfWHs6bPxXy,842,4
345,E,11/3/2019,11/30/2018,81,10,1Geiwhd4omSfqLdNUFWv2uWNsuoT65yGKp,656,38
346,O,9/10/2019,6/17/2018,73,1,1BMXU1t33i6xjCtRQpXBrSRPcrerSorSCz,390,13
347,E,6/9/2019,12/18/2018,36,7,1G3qGkuYjvKxN6bb7ZbzoVzkcQRc5BfeC7,704,21
348,G,11/20/2019,7/14/2018,24,10,1vR3LoRp2ogY5FVp41BLUXxpakCsvQ7nq,791,11
349,K,10/18/2019,4/27/2019,31,9,14hbZd3cT6ko7a3mnHbth8JbUF7aEKWAgH,785,76
350,G,8/21/2019,5/29/2018,81,10,1PFp2NpuPu7WL3Tk1vEqwgDaNVu5LLCVph,404,76
351,G,10/27/2019,3/15/2019,80,1,1LiQjKGRe2baKrY7NCsMqjUqWUTHq5MQx1,715,67
352,K,8/13/2019,12/1/2018,61,5,1AEq9GoJQ6VeN8viZmd2FZb69sff6ztovD,515,47
353,G,8/23/2019,8/14/2018,68,4,1GqSVy6zbw7fSxVRCbUTYACmZMEodnVcXf,629,47
354,G,11/9/2019,2/15/2019,80,5,1EWmqtMVo3opjqknoEtszJb5EtesFbzRVq,821,80
355,L,9/19/2019,9/25/2018,52,9,1PkoVwXmXtHrJb8sUCaruuCQASzsZd7mZ1,985,82
356,F,10/12/2019,7/13/2018,36,9,18NVz525aDRzcb1jJhV4pdh24dt3irdcia,771,58
357,E,6/24/2019,7/15/2018,19,10,1G7RkXNzMzq5PPPnvy3qgo1ctkVaB41WWN,748,42
358,B,10/29/2019,1/4/2019,77,2,1JTVq2j49fQNxqDVk6mZKXhe6mjjBx6oi6,196,22
359,D,6/27/2019,12/29/2018,1,4,13s1zfFnf2SfcVKfjReQhBPqbnds7HjuAa,3,16
360,D,10/2/2019,12/20/2018,12,6,1Dy6CxJEoURec9LSV6RKdDbp7Nr7z9hjjm,113,81
361,D,10/25/2019,9/16/2018,31,8,1CmXn3muBikUNr5x2ETGAaUA6uQNcvXdwF,493,57
362,G,11/28/2019,12/31/2018,18,2,1CPDrj5KKfHwWx8DoTWnMFc5yDoDUGCqzG,605,90
363,P,7/26/2019,11/30/2018,23,3,1G6AS8MbJMMy2S7foyZhBMifwDqGDt7GrK,762,37
364,G,8/7/2019,5/6/2018,37,10,1PGeeZJA6ucFxPnDq526XCZXn3RzxUydye,851,4
365,I,9/15/2019,1/10/2019,67,9,1LaqKBvX1QUEaeYRTwLWSEJghc3sg6i95S,259,61
366,N,7/23/2019,12/31/2018,45,3,15xp1LZrSNEudeZEHWtE61xmZj7Uwr9tKe,141,85
367,P,7/22/2019,9/24/2018,37,8,1LhtWZpsJn3fY89rZo5EhoEKYMKJNFrc2w,395,87
368,F,6/25/2019,6/29/2018,82,5,1PtRugqFy1FYuSbPLQxPZYuFcC9Y2FNrMB,779,55
369,M,7/31/2019,10/4/2018,44,2,14yKJawR2mt7txrrEYEfhH4nWuMfqQLo1m,905,28
370,I,9/10/2019,11/24/2018,46,1,13DSXysov8YXP9AGBdegDDkeWgrzWzHqkr,299,46
371,F,9/24/2019,5/7/2018,80,3,1ETbkwCnnmJgobvvenH2LWhvyRYLbjwAH9,203,71
372,J,9/23/2019,3/25/2019,76,7,12GFK2gv7dkLhLQqtpVZCFssM2UjjWcv2n,974,82
373,K,7/26/2019,1/29/2019,34,1,16qG8PJiZoF8pZvQQY8E1qgZCdaVJT1v2m,724,8
374,B,11/7/2019,8/15/2018,55,8,1LkQU2QouqNxZW2rZigMkFHoHz8XGzaKet,424,35
375,B,9/2/2019,12/25/2018,2,5,1LgnHxvt99dUPfmMDkZYB6DFf5rnyVstkW,742,79
376,K,9/19/2019,4/10/2019,8,7,1H9za2evHEoKYkpZB28gob4UTaSpwJzP9S,831,7
377,H,8/15/2019,11/1/2018,43,10,1M69cr7ifaPsNmwcy15sAfngnD52DWDofD,924,72
378,C,10/15/2019,2/3/2019,28,5,1LYRDfCoFiGpLTMSCDqBns81BFTJzjrxGH,719,27
379,J,7/16/2019,8/31/2018,6,10,15RuCR2gR3P6TRkgAgNhQj21siW2m9zquT,165,80
380,D,6/11/2019,4/27/2019,87,7,1KdukU4VUFa7ctK9QcuEEFB8otRPh7oyMA,60,71
381,G,11/18/2019,11/26/2018,32,1,1MgfnwVyFjN8hkTHutovuLmBK9m9cee3k6,250,35
382,F,9/28/2019,8/23/2018,51,8,1UmEEbEWnN4FtMbvXJHE4J5vgD8YDi2WR,739,22
383,M,10/16/2019,5/12/2018,31,2,1E4yQZWKh1gPVxgFURxhauxpAMQMjSc4ox,357,51
384,L,11/4/2019,9/26/2018,19,8,1P1VLZRueZ7qWFTK3AdM5vqmWyU6fXYaPY,572,40
385,G,6/12/2019,12/6/2018,29,1,166HgvRLXxTb7gHc8ZQ3TiaGkqBPRj4ZTZ,977,33
386,E,8/18/2019,3/26/2019,44,10,15ETE6LsGCEqMRiATbpa6iVCRv6p3AyTMb,51,19
387,I,7/11/2019,3/3/2019,58,10,149EB7pmSP999FyDDEiAXP9n51v6X6iof1,550,15
388,A,6/10/2019,1/26/2019,81,2,16tBUoubRsdYmNbQbgMi9YaxKZV9YUdutb,331,91
389,M,9/29/2019,8/24/2018,12,2,1J3tXa3sfdva5Pk5X3vPzRpXEW5f91C3JW,902,87
390,O,11/5/2019,9/2/2018,71,1,1C6mTsiAti4Xo4tvPN6bs2xvbbKMEL7djX,25,79
391,J,6/2/2019,6/3/2018,43,10,1CFccSQP1Gom6WMF9Ug9QmnSrZiX3aT8jg,861,63
392,E,9/18/2019,12/23/2018,48,4,163ViHVgLmNdprmCgUPouuEcDV2gcUpN9S,786,65
393,H,11/21/2019,3/15/2019,59,2,15q8DLwuUegZzUgRYG5Rv93RxtHFUR8pwQ,455,88
394,H,11/5/2019,5/1/2019,94,1,1MLxjxA6NJ3LJ4Pg1GhPKmUhaJTbY2pZV6,230,52
395,L,10/15/2019,4/13/2019,25,5,15skca5h72xnaTLPPiGq1AxDd8SjL7KpFi,928,55
396,G,6/22/2019,12/1/2018,95,3,14jRqWsnV1sHJ4GTQnoJhuix4UwUgVQLTQ,866,10
397,H,6/13/2019,3/25/2019,4,9,1DLDNQbMzfxiTbr7QAkKj2HMtR4hqHQMt2,763,4
398,N,10/28/2019,12/2/2018,5,5,1EMyoPsHVLvBGVepsHf7VxbL6ZP2mvxUwo,181,45
399,F,11/27/2019,4/7/2019,73,9,1NMEr5Tdiy1psG4mv7K1n2U1pWrLT4eKro,854,95
400,D,6/12/2019,8/22/2018,71,8,1DgPJMRUeKVBDDLywXHDS7M4TpyLimMS4c,21,32
401,B,11/16/2019,7/29/2018,46,8,17STk3jA3DRCP6aeY84nfXdYd4NRBjSxW3,22,49
402,N,11/4/2019,9/2/2018,27,7,17TsDZjBn9sXbBjfQVoV8Q362WEEVB7sds,183,53
403,O,9/19/2019,2/12/2019,93,10,1Hm3YVUezbMVGfmjmWopSTmbEzwhNkpfmu,291,45
404,H,9/17/2019,5/31/2018,57,4,1Cq7qqTY77kTwjnWcXQBYisZVpL4RkwCZ1,714,50
405,F,8/19/2019,10/5/2018,97,8,1M844kK2Mt8r7TppomGvt798zq3vdGqwZA,39,76
406,L,9/28/2019,5/12/2018,8,6,1ARi6kB2XoTM9EVDgi76SB1S3zaN68FL1m,210,35
407,M,9/2/2019,3/12/2019,74,1,1FX8FirfhcXdLqbKzFB77iYn4oebNMHpv1,181,24
408,A,10/23/2019,3/25/2019,48,2,1LoWk2pYdKz1ywbVwMmJb1CwAVmjMh5fcs,439,9
409,A,8/31/2019,12/30/2018,93,2,1C7BT7Lgk1ojN8jSQTGkEgdZtNA4nC2ayT,580,56
410,G,6/8/2019,1/3/2019,41,5,1irsXJhgmFTQk13eSLYtqmPzXKp3FAn9k,617,13
411,I,10/28/2019,4/25/2019,43,6,1JvDr1Fv4Q4GPRFL3db8RVPgJxAzgx3LyS,642,62
412,A,6/5/2019,5/6/2018,8,6,19WvnTYAJuJWacyuev8g7e7pzr3WcCzn93,647,53
413,C,11/16/2019,7/7/2018,1,3,19fcYficarSmbSbc3unkdug21AYdFav6wk,279,8
414,H,10/1/2019,11/10/2018,52,8,1GxCDmdyrcW9ikVRgUQ3YQshSZ1jS7KXyu,679,71
415,H,10/9/2019,2/24/2019,93,4,12jmC5bh67pyHoyQFaPycbNuD3yTS56LKh,273,91
416,M,6/5/2019,5/16/2018,25,1,17Hj1yJtX6zKmNMHKeerWY8fK8VEwQx7eX,250,67
417,J,8/12/2019,12/4/2018,45,5,18VRRsvxBeDtjtePKEsdZ8he6PXBP4Uakc,921,77
418,F,8/16/2019,6/10/2018,18,8,1AEFHbTDfRWw2MbvQf8R2fz8982pnJEV2S,2,25
419,M,10/7/2019,3/2/2019,44,4,1NSU9R4GPpQpaXCAKbeBEJTb14PvpxYA1U,728,94
420,C,6/6/2019,6/6/2018,79,1,1MG9LK4fD8qnKxdzx2zCCWTN9CDKJytess,706,90
421,H,7/22/2019,11/12/2018,84,10,1Cc3zghdbT7vvupnMT4Q4f4yQZVYxXcjcS,51,67
422,C,11/12/2019,6/2/2018,74,9,1CWHE6bKCrxUKgBhkhVkRqvXDe4qoVfnUJ,658,57
423,E,10/3/2019,7/15/2018,24,9,1BR9xoXxZR3xxAqLKuyKu9wuKuefdCMPKB,865,53
424,D,10/31/2019,5/28/2018,6,7,17EexoXwb7MT9oaxtr6ZFeP42LGGzTYQk2,878,45
425,N,11/9/2019,3/23/2019,11,8,125YXuTGPd3rafiDWRoZFSuELJRtywT7Gy,543,56
426,F,9/30/2019,5/27/2018,48,2,1ExucgM8a45b6KauPeY7g61euwUvKhhBPM,806,64
427,I,8/14/2019,8/11/2018,65,8,1JUaNgqoNUeNeYJqN4udMF84zDmnDBSYPa,604,49
428,I,11/19/2019,5/23/2018,37,10,1KRiRLRq56gvsgKBf4cvizeWeNZqhbY7Gs,135,7
429,J,7/5/2019,11/30/2018,82,5,14xEnpkhZtAibMXvFSzs9GREGHThUYSpht,831,25
430,A,10/20/2019,11/19/2018,14,6,1GhujHTr6rPvqTzzWrQoHJGknGMvYuaJNt,843,78
431,L,10/6/2019,7/13/2018,61,8,1LcpXbTRmL2JiMpKsLotnewbZaE1ffiMdS,626,24
432,I,9/12/2019,12/1/2018,15,5,1GHuLawoUR8JePGbKoCDPKYsTseyqqQ6wX,398,92
433,F,6/13/2019,8/24/2018,55,5,1PzQKAox7qHdygYZAq5VyphvtieKnKZ2pJ,65,27
434,J,7/8/2019,10/7/2018,42,1,1TuLYhyWekjprc8s3jkLLNsJ5o1fw76tz,900,74
435,E,6/22/2019,3/11/2019,59,8,14LdSeRfoqrvCCTUnSsr5pETGAdWvBHkcq,202,49
436,P,6/14/2019,10/31/2018,100,6,1JXjoru3MT2PUQkJBbxzdguBZ95SBnjHi2,844,94
437,P,6/29/2019,9/29/2018,16,2,14QdHDyPLG4fzdASPkMYTxFPGbNcdFTeq9,51,95
438,C,9/6/2019,9/3/2018,62,9,17ojPM3g6dd1QvP53ea9s2sGaxNta4iNSU,181,33
439,L,8/24/2019,5/25/2018,16,2,17mv2PDgGJmRuJ51gVx1wCtTcCNrb8sob5,25,94
440,O,6/22/2019,3/1/2019,67,1,1GouQWWt2Wv7MkEsqbrsiBRyMjh77o9WGZ,179,83
441,A,9/28/2019,12/8/2018,21,3,1SB4tRN5w4noFuFCu87WttCrbAcKoS7ek,449,19
442,G,8/8/2019,12/15/2018,52,6,1ZvKpACtJsUCAQG5oY2N1wEjAFa2jpucw,517,89
443,L,9/22/2019,4/16/2019,99,7,1L1eB94BTQukfYhCJ3u8L1Pj4wKRvEta8v,475,93
444,O,6/21/2019,5/21/2018,67,3,1L7aNC1GZKgMboat73F1rBB1k37EbTequ,389,95
445,C,6/2/2019,9/6/2018,69,4,1N26t6UVEdQdBieGqbMgkCYfQxRZcj5EP4,216,7
446,H,8/24/2019,9/17/2018,16,1,1hMGFc7fVqYwLWM9Bvcv4tGtkuiGsAnjA,29,46
447,K,10/29/2019,4/30/2019,33,7,1AKzR1RRCCEyFMmTNoVxcnaKty1pGunb2Z,890,2
448,K,10/26/2019,9/21/2018,17,5,1LdDjbi2mZYLQ88RJB8B3aEKPje6KRS3i4,394,10
449,F,6/25/2019,5/4/2018,5,8,139rmtaJft5uWtqDCeQbyUpmdhoQZsCYMA,58,1
450,O,7/7/2019,12/31/2018,52,6,182rk98TeERDnXBGoXSmA5pVCEzRwWut6d,70,41
451,A,11/14/2019,12/22/2018,29,9,1H3kMc7PagcpdqxaWLxzuaGWwsUPWf3vTD,467,41
452,E,10/29/2019,8/23/2018,93,3,1JAnZX1xAkZbb37vJ3kBarBQGEXT9bKx5h,651,95
453,J,10/19/2019,7/2/2018,48,5,1E9yU2sJMH4YqW25VXqaHyHPRirvwUD7aa,761,44
454,L,9/20/2019,12/13/2018,80,6,1GKeFokAN8bTA65xWyEjD2yFdTxoJy9Htr,463,32
455,P,9/1/2019,6/10/2018,100,6,1Mfy7Yaoyd1Xkfczui7k1U1sdHaJrKGunm,224,96
456,B,8/5/2019,1/27/2019,47,4,19ecf7XcKRp8hYCmxCLCi8VMdJJ6Ydcg4y,861,91
457,I,8/17/2019,8/20/2018,25,7,1N7zMQYSDrWLQgNnhXALPXfzHqK2PB8hyk,613,83
458,E,10/29/2019,9/9/2018,89,3,14VSzkLdi8waiGx3W8m6osCHvB25AvhEpJ,541,100
459,A,8/27/2019,4/13/2019,77,2,1AU38cRFgP3Un6UhS3crjSNdsBmGff5B2S,378,98
460,H,10/16/2019,10/10/2018,14,5,18hCakUyrJiqgyqTTFtan4WhtStF61zjhc,160,59
461,B,11/18/2019,7/7/2018,27,6,15oBwgKQmBW7sPYQmdP8e5LcpCsAKb7VzT,506,33
462,O,6/8/2019,5/10/2018,12,5,1LqVciA7Uhj3cJ4xrpySvnd7hAv7FXQreJ,674,3
463,O,11/3/2019,10/23/2018,92,1,1P64KHKr1hHxPs3NaNucAmF39U3YybdTCt,402,70
464,L,8/12/2019,3/26/2019,62,5,1i1N4P9nnNSdYDUvZezLpURtE6FfuedZM,387,38
465,M,8/11/2019,1/3/2019,86,2,1MSMqQgJJHLkMNMqt3GemvVPNs3RyJUdEk,226,89
466,P,8/16/2019,3/30/2019,18,6,1P5m445RiHqQmfKqM1X7WJdk2HPwgnygwF,284,43
467,J,9/2/2019,3/30/2019,60,6,1NKvqWVAp6yfxdTj3VLJUWxXTJUdRdKCnm,420,89
468,A,9/10/2019,11/26/2018,3,8,15Zf7Gwrsn7svYrpxrtTPUk1eZborzXuRH,320,30
469,N,9/28/2019,2/10/2019,35,4,1DxbvnAT8DX8qYJdTGSmUR2sKqBqrwCBUQ,132,88
470,C,11/13/2019,4/28/2019,65,10,1LZqcaSN4wpeg5SeGHEq2xKmy1wYBcXAT1,526,48
471,N,11/12/2019,1/16/2019,41,10,14XqvjoDYXgPCr44ydFnnzKYwQREYmxKGP,922,61
472,M,9/9/2019,8/31/2018,93,2,13MPF1tQgqnHBD2AMT8sMFXqG3u9LgEHxs,487,28
473,H,11/11/2019,7/3/2018,48,10,1Nnozb38ANxyehdtFzuET3JMW4Y8ShAd2A,63,7
474,D,7/24/2019,11/21/2018,1,3,1y9bajbD8oJDYpgtEUEFegp4SigBiCoB2,164,97
475,I,8/14/2019,3/4/2019,23,8,1AiwSdNzMK46XPXqRQYxoQ2PDnTJZyM5ZM,655,94
476,I,11/4/2019,12/10/2018,62,1,1DNdyMvwD83ofiKfN5ui7uvZvzePw4dV5G,91,71
477,L,10/23/2019,7/31/2018,64,1,1Lz4bGdKeM3BbyGUQYoKuFiCJfRrKvxKfB,648,89
478,G,10/30/2019,11/11/2018,72,1,1FmV4rac9gBm5gA3uymMDQ6NQ3gHPPhcYP,492,16
479,E,8/25/2019,8/17/2018,69,3,1FFVyeU16g5mNZyZf4P6kpXueJJwv2RUnY,158,43
480,B,6/10/2019,7/19/2018,35,8,142aquxSYJthhgDpL4xaba7nLkSrXeJMEP,500,54
481,F,6/8/2019,7/3/2018,90,3,1FFJT2jNXzwHB3Na89bgpscY5emGhhvFib,679,43
482,E,7/10/2019,10/21/2018,68,10,1Gvj3E7S2vD9xLUebMecSKvwvR2EHYUPVr,448,21
483,J,6/2/2019,7/4/2018,35,7,1Gq9MeDTVFWigin7WUjr6KxCrVxbeAT1s4,589,21
484,I,6/6/2019,5/10/2018,9,5,1PPPWmmMowhy9WrfSQ8W7iXhwe99oaC3qX,474,47
485,I,11/21/2019,11/26/2018,32,5,19qYVS4EBSV4xKCEjxGTs3qXamQjwKmZQL,185,7
486,C,7/19/2019,9/2/2018,2,6,14fn8zZmkkMDnCkq5poy6Y7yxHrMBN8Mbu,189,18
487,F,9/7/2019,4/27/2019,32,4,16hpMn29BSufTtUVCFekPAQrs6EN4WJXMD,866,97
488,G,7/6/2019,8/19/2018,83,6,1MGoKyR9jctWqwA9gYUCJxchhsv4Vgh4Kq,4,33
489,N,8/28/2019,6/27/2018,33,1,16MKNFGrPZMb6NgqtTQp3RVuUeYGQZvio9,754,33
490,I,9/2/2019,11/10/2018,99,4,1H2vxgjG7ymwCfqEYqQCWW3mEoEjYjT3Pv,749,55
491,E,6/14/2019,4/8/2019,2,5,17xbVDDh1bM5QSWffQDPn1sEkFuWFmSv3B,309,90
492,B,9/2/2019,5/30/2018,66,4,1MbKaLSNREku9SZcrpy2sCBGzX6uYGMD92,610,28
493,C,8/24/2019,9/26/2018,78,4,1FNNwDA7yits5LXd5pZDvTVAGSNsFrNkuZ,759,59
494,N,8/21/2019,2/8/2019,18,7,1HeexgxK7f8riT99gaupWmaU9azy4mNCW7,887,16
495,M,7/17/2019,2/2/2019,4,2,1GhqhxU8mgvCg34tTSH9vfq2PjiGJgAxn,90,20
496,C,9/13/2019,11/6/2018,94,10,16wXAuPerbH4GphsLb8fMUCfMSosDUnUtB,714,59
497,H,9/8/2019,11/16/2018,35,1,19WGAjxZFQCbqe7ZsiFgnQzc4Zbxs24vpv,546,39
498,C,6/26/2019,5/18/2018,15,4,1AC4s6hsojcz8bWgYxmjWyAYpa1wHm23ae,296,56
499,N,11/26/2019,8/4/2018,28,7,1EGzJXhBifjAMJJ7SLkkpSeMnTTdbtoo81,999,13
500,N,11/12/2019,2/25/2019,42,10,1AJbqe52neX8CmkgyFgPfVVTLGxP6WHJSp,600,63
501,J,8/18/2019,11/28/2018,83,9,14ESaqZWPoLUEnW7anAmoUyjCqCVn4GQdW,481,39
502,M,7/3/2019,8/3/2018,58,3,166EWFFWFoYvgX1q1aBEYjjv1XAn3HQczv,661,46
503,P,7/24/2019,10/14/2018,66,5,1CBLtqrzCiikmpj6FUqjSmLCBCDtRYsRhp,148,11
504,J,6/10/2019,2/23/2019,69,4,1B3hfN4WLjUYJRsBjCHcHE1g586ofNCHjb,226,87
505,C,6/13/2019,8/6/2018,64,9,1PgzMqq4me2A9fjaiY774H7n5fmNfuAdxQ,699,56
506,M,9/6/2019,6/5/2018,27,7,1QDYxCztVkuEJ2hgXmbZuvi7iAuQ2fSLrN,827,27
507,K,11/21/2019,9/28/2018,53,2,1MTz1pzbP1aVLqTjhohcGQyUqQiLhmry2U,310,46
508,F,8/22/2019,1/17/2019,34,1,1BJSPqLzENnmBdBLMm8rABHRSRHMGWfjSH,515,44
509,K,10/1/2019,6/28/2018,91,8,1DvGY36Wq5TmGtUxATMen7fDYzhuNEFaff,85,89
510,C,9/20/2019,6/13/2018,32,4,1KWC3HYMofVs7BKDJ8Vv4CmxCMdSqSANfc,76,92
511,E,7/15/2019,2/16/2019,55,10,18a5NAm11VHBR2cxw9jCoMUZyRFgBepbhR,239,86
512,B,10/19/2019,6/28/2018,81,3,1CGWEVY57YGpwSRhVxybbw4tpThoxgTSPX,948,1
513,O,10/26/2019,3/9/2019,51,6,1CwFP6JcoAT5b7ZwJtHXkwLKGxbW4RN3YB,64,60
514,I,9/21/2019,4/15/2019,99,3,1F6G24wb6J3mzZqooEnmAPCThoJ4PNE6FY,300,59
515,F,6/12/2019,2/7/2019,20,2,18BkVjJny62ZbPuYGb29uiz5ynbT7LTj8b,296,3
516,E,9/17/2019,3/1/2019,39,5,1LxSk3Lw8o9bG6WFjnAm3pkHxvEWj8VZ8Q,321,62
517,F,11/17/2019,2/17/2019,98,5,17uvcs7rnHaDRYxxUvSAuWnDvmf9Ucjo38,140,37
518,N,7/17/2019,8/17/2018,96,1,1DD6sFJ3rUXTLEx7gv5xCKyWpf2zS9a8A4,993,86
519,F,11/5/2019,12/9/2018,5,8,1ntT5M8MXf1KnXy4EJ2neKiRL8wFWGHEU,453,36
520,L,10/25/2019,12/19/2018,90,8,15fbifxf45XTHz7GJbkVVZAdhCnNvWYPqp,626,27
521,C,8/27/2019,5/11/2018,72,3,141P7Rd48c5n7Cvd9XsmCqzPxrJogtei1c,292,29
522,E,7/21/2019,4/12/2019,39,7,1AEFuJCLsNwWohSGTsmweaJmwojzXyTuhu,671,77
523,D,6/23/2019,4/18/2019,13,10,12vTpN8U6D6njN32YvL5DaDBjgYrS23ZDj,874,27
524,C,7/20/2019,7/14/2018,81,8,12p7Ssg37GhTMEkZw4Fpf7Vow6UBLxrFGE,121,14
525,I,9/10/2019,11/28/2018,54,6,1GohDbnnaPEvR6LsA7ZyhSFx4BfTWg68r6,884,6
526,B,9/24/2019,7/10/2018,51,8,1Q5XKnEiXwm5x9mY4AzgmDMXX5uV3u6L9q,95,55
527,M,6/15/2019,12/1/2018,59,4,1NBBDfeoqsyETsiS47fNXzvzVjx18EZKPe,647,55
528,C,8/13/2019,3/14/2019,98,3,1NJA92BWyXpmoRNw2Qg25VdeUaoinhkfkd,261,52
529,K,10/20/2019,10/26/2018,79,1,1DxLuqSFtTycexqhvd6ZGwhyFGoZ4z7ksN,929,40
530,C,8/1/2019,4/27/2019,79,9,12xFpMFV8p35qob3fnb84FTG3ipEtogWkr,789,81
531,M,9/16/2019,4/11/2019,40,2,1P8gCF5G14AkFnykyhKBYZQJLAMfEgt63M,181,21
532,P,6/21/2019,7/20/2018,77,10,1KMbpPBcx77xnMmtRe2EbZcHAEdKSNbjVv,89,41
533,F,8/4/2019,7/26/2018,88,6,1QCXknko4FeSomFPTzC4HK6DBSz4KoZNB9,433,60
534,B,8/17/2019,2/5/2019,80,6,1AYAqt5nsBibT1DYrRsJf2nG9UgVFAf8vW,70,14
535,D,7/4/2019,4/2/2019,100,9,1955mprkfg4gqbqf1MJ4RuEGvRbnqUzJbK,305,14
536,D,8/29/2019,3/6/2019,29,6,152EYTdTLVft1EPV9kJq5WLv7BnZ3cnXdn,252,32
537,O,10/24/2019,5/20/2018,85,8,1CNK6XXk6U4Zsq1d12uwgAU4EJcb8ECUCP,963,9
538,K,11/13/2019,11/23/2018,31,2,134YEBU3wSKEjuF4N2nrQCCS7HDuDEXDjE,643,15
539,M,6/18/2019,11/15/2018,81,9,19qib6Grbw7AkjB25Guu6C297wYceP8EKL,826,25
540,O,9/2/2019,4/23/2019,91,3,1LeYxJLiZB9xSNgG2Ef6a76CJb4QnCvrVm,338,83
541,F,9/14/2019,5/9/2018,85,6,13Vtnq9dtHEEWQAdcF2RrcUbEXCvE8Zmpk,348,46
542,P,7/2/2019,6/21/2018,49,4,17o264RC4mWxQJeFWirMjXdiUaAAZ3XXxJ,88,31
543,L,6/29/2019,4/20/2019,25,3,1JFFcvkkXVMudVtcjUkPt7jXQHMvn6t6d9,198,65
544,L,9/23/2019,12/19/2018,62,2,1JAbiHuGm9uC5Vr8a5jQgMMLPiMkiLnQUb,313,48
545,K,10/15/2019,5/3/2018,53,4,147esJXT2NT4C5W7nuBaKh5j28aXYYtZ3d,637,1
546,M,10/21/2019,1/30/2019,91,6,1Bvy9SkVocMWdd5jfSc9vQBGbyrsBfr4B5,957,63
547,L,7/3/2019,5/24/2018,23,4,1LHjEM4C2p8QeqEVuP3rsVAuj6zQXiC2fA,817,58
548,I,8/28/2019,4/21/2019,85,10,1FQTvUu2Yhk7on9NqjWoz8oHRaNSu1rHFH,860,53
549,D,10/24/2019,6/5/2018,67,3,1Jd3f1x4Eq1dYsZHLqyp7z8YZ737W4q7aJ,102,81
550,G,7/5/2019,11/17/2018,58,9,13neF5omxDssYwGAwXxZDHD61qwLn4Trma,784,76
551,F,10/18/2019,7/25/2018,71,3,162jsoVZeq8S2JFRKQSU764vprK4zhHtWM,474,89
552,K,10/19/2019,11/14/2018,28,10,17re9ZGEV4TEjJMZPdHVSY5mY9dqpwNkQ7,792,99
553,K,6/18/2019,2/25/2019,60,6,1HAj2Af7BuWEHuqjRUZFxqHqbnz5WxbcqK,401,67
554,E,7/6/2019,5/1/2019,54,2,1E7kb91LeXT84CkMHMvYF7sBd6TRvhzUFB,842,36
555,C,8/6/2019,6/20/2018,29,8,1DwjiF7pLaDC3sUxcCxjhJ7yZLUdU4brsU,215,19
556,N,8/13/2019,12/10/2018,18,6,1KZdPpjyu2BeQRpXGa1cviFUWQv7c35QTn,301,4
557,H,8/26/2019,6/30/2018,21,9,1BxS67iWpoXb8YtPaBuLvaJqKz8NpD2far,507,7
558,O,7/22/2019,5/29/2018,28,8,1MKo4vCnfjQ7FFbx7Mhk1ggWdCVjKioYeb,552,48
559,B,7/20/2019,8/3/2018,37,5,1GFnxsUUgWFp4kJ2KZFNHc7qMDDMGTNP3J,350,3
560,E,6/20/2019,10/2/2018,30,5,1KuisWkwQyD8dj7xmPnWYRLCmRKcTQtBr3,252,56
561,J,7/6/2019,9/9/2018,28,4,131aZwZ472Lr2cWShc6x5preZXyvkMA6Ft,142,16
562,F,10/13/2019,11/20/2018,32,9,1BFL1MckeJYgsyX1qu9hSANDXqXJfcbRNd,532,49
563,K,10/29/2019,12/1/2018,30,9,1FtBUpuN8P5VZLTeDTxzmRsJPrixUKX5E3,738,13
564,K,6/16/2019,11/8/2018,1,1,1GSjezBew3mCVLbLqnK4jXmZr3X53AKXaH,71,15
565,M,9/10/2019,11/17/2018,93,5,1LC9ozrzXtRCWzYAfNuo3Jn8oYBhvTPWvg,117,27
566,J,6/22/2019,8/16/2018,42,9,13NuqVwDHEpZFTyDga8y6ugPkqKsBHEjJz,860,4
567,H,8/17/2019,9/21/2018,97,7,12LiRR4HBHqezSfwwSxbux7LdBnEu1WQPk,585,31
568,B,8/31/2019,5/7/2018,25,7,1KXj4FXcbztHy7iv8LJ7LKjiNNbhQCE9Ty,913,89
569,C,11/7/2019,6/30/2018,14,2,19d7hfur3yzgzELSvyxBuAaEf4T7p8DNXC,523,73
570,P,11/26/2019,7/24/2018,8,10,1ZTUeJnffay16yopABfSXo354r1BHs4Vv,236,67
571,K,6/8/2019,4/3/2019,94,8,1AxfMzSDPuaRjzbscBEKDwP2KsYmRXjaG6,205,15
572,H,11/11/2019,3/10/2019,43,4,13o45HsU424ejjgjupHQWLDUnbvhb2hLpX,569,4
573,P,11/5/2019,1/19/2019,66,7,1Hyyq4o4se5DkbZ1ThR5jYch7GX2VMthNZ,707,83
574,G,11/26/2019,10/28/2018,94,2,14gMSTg1BoLosN23V35zCVbYj9WvNjfFCt,746,70
575,K,10/6/2019,7/31/2018,31,8,1F3G9YNqYTWHPK3u2TuXHsJLatd8kFh13b,156,12
576,I,8/27/2019,1/22/2019,63,5,1FGZzCtaDisjsKRRYypPVU3ARZTh6HKGKX,712,91
577,I,9/10/2019,2/8/2019,79,1,1JNhKvKpsYTPmpMUjXkamhwV2EK1bEkTpN,7,85
578,D,8/13/2019,11/23/2018,72,7,16No4bdWuoj3EWx44GGkh2Q1EjcNkZy9av,973,48
579,E,11/28/2019,2/24/2019,48,8,1AA3wCenWwVbLvY27aiJ5wHc8HzxaX6LUV,909,64
580,I,11/22/2019,7/10/2018,19,6,1HPk36ohrGfNZLH84q3rgswmUeGBfWupxg,384,87
581,E,11/4/2019,7/26/2018,6,2,146Yiuu5gFFzS9VcWfjyZXBJGfnqZoMp87,796,63
582,E,6/17/2019,8/14/2018,42,5,1E5ozgyRH7TFtspfNginy9WFVD7cUCY2sx,279,100
583,H,7/15/2019,11/10/2018,93,10,13U8GXPeL52mXkXTGq4V1XkRtu8ESRGuEs,499,56
584,B,8/7/2019,10/21/2018,9,2,1NeTt9FSVN2oLDUyzbZRJLLZvfG7v7Zdo,691,18
585,E,11/1/2019,6/4/2018,36,4,1DgK17imitWodTSAaccr25eGJ6iiXmPjo9,775,75
586,J,9/13/2019,11/20/2018,13,9,1JvZWRfSxx1sogsM5UEUQSi24Uvdy5LFw,450,39
587,I,7/6/2019,10/30/2018,90,1,1BHH84h4VvDptDXJBe91w5U5xxiuPLeBSf,783,4
588,I,7/30/2019,3/14/2019,22,1,1K7H6RTt91JsGsQ8g7dWeBjKBTvk4Z3Dxy,718,11
589,N,10/25/2019,1/14/2019,2,6,1HZwnaLiM2puBzBGX5qgNLoM52Cbfgv9gP,262,77
590,L,6/27/2019,1/24/2019,43,10,1HxMemmN8kpNywzqm4Gx1ZF8Go1fba4JED,876,8
591,P,6/24/2019,10/20/2018,85,10,12oN8ZNaaeiiBL8Bokp7SkwTXiMq13eWPV,105,22
592,O,10/23/2019,9/24/2018,54,8,1As8m2MwZsHUnLVzF1T5K2XVXD7xfz33VA,42,56
593,B,8/12/2019,9/5/2018,34,4,1DVE11ovUYidkniVFaMJ7j7ULqL2U5f38V,706,25
594,J,8/4/2019,8/18/2018,46,5,15jmLPRQbbDmezkGNFZi43zZGbMioGZK9w,187,25
595,I,6/23/2019,7/8/2018,34,7,1HbspRyZJbsWkag7oiLw4nR31iWBqrTegL,475,51
596,G,11/1/2019,3/8/2019,63,3,1ECRSaBaN2jEvpaNqLGY6rZhmsRzPn8b9a,338,26
597,A,11/15/2019,1/17/2019,9,5,1DGZ3oQUhPsfe4mad1UVEHmbHhyabHCySg,938,7
598,L,7/11/2019,9/1/2018,68,7,12FtUqfTZ9kpJdG4VfmKPQhN1go4Bw3Rvr,861,11
599,M,7/9/2019,7/25/2018,94,1,1KPWXpXmQTBuxMpxE7iZPBe4x1DqjE2EUq,854,76
600,C,11/27/2019,2/28/2019,51,5,15i3T6EHNaUbaV69TeTEPWapa3bjH28rua,853,83
601,G,7/5/2019,9/1/2018,27,6,1Q2TWE3FM6qoZLKuLmZeVzsTR4WNegBF4L,655,51
602,M,9/29/2019,11/4/2018,41,8,1EAzDjv4ct8nJcCfssuuCnTEeKk9ZcuyBZ,610,53
603,P,7/27/2019,2/10/2019,75,7,15fhnc2Y2JAFRkdi42X5wZFhP7KhV7sEgS,948,4
604,C,8/9/2019,2/22/2019,21,10,1JLk6wLRkE6w8JPtfi5rjexRcw8Na4GVdG,883,30
605,G,11/5/2019,5/4/2018,100,8,14FjSwHrXYd32Kr3Cyavs4y2NuHgv5HKv8,329,85
606,L,8/17/2019,7/3/2018,69,9,15TAU8Lvur72bXiXe9pisPFEspcg7yFiHS,728,64
607,F,8/10/2019,5/2/2018,94,9,176hutx4DbAf1tC7zKPzGpWrwKNhwS7m3r,604,49
608,N,9/16/2019,8/19/2018,12,2,182QV345VNeiHFzkaQsXzwhJ1XYMoF43w9,753,87
609,L,7/27/2019,4/11/2019,3,9,15B7qz8Mmdfrk83UZmjk51UWFECUSbVQnf,283,48
610,L,8/25/2019,9/26/2018,80,6,13neEkAcWPnum8vRpawScKugb78a2eRmPG,538,46
611,B,10/31/2019,3/7/2019,63,9,18g1t7yYW43nWZwSEv9SxXB2q8KCnggv5p,751,88
612,E,8/2/2019,4/12/2019,27,4,1KqF3b4vP9Q3BDdrHxRqDe3Y6zWyT8Cp1N,136,52
613,D,6/22/2019,1/6/2019,59,7,1FQEB1DKfDV8wNYxd11Jn46iKffgwZvKmv,588,56
614,A,10/25/2019,8/21/2018,73,1,1MrS2P6GBnmBoMByi6q8bk34sYzcDXRT8C,998,1
615,M,7/11/2019,2/19/2019,84,10,1PYvWBFL3vMzfE1gSiJK4Z5NDUsMt7EmMh,47,62
616,E,8/1/2019,6/20/2018,28,4,1AJPcWfPYDNAXdk9ErC45UGZ8UwN5ayP44,959,85
617,I,11/25/2019,4/13/2019,50,7,19kfxt7VitVPi1EuMC7X15kcrc9RCgySto,38,65
618,J,10/12/2019,7/12/2018,58,6,14UaQGFjYaY8wyrUPsFGoz3hTj6Q8qdv5V,329,27
619,N,6/14/2019,2/24/2019,18,7,1NXXVNJWQXuBK4pwDJ4PE4bbPbygVX2F1H,823,89
620,L,8/28/2019,8/8/2018,85,2,1MwVigB6abp2RMdzDPMuo7iAwjxswh8TVu,741,48
621,E,7/10/2019,1/23/2019,48,9,15YBv1PXzPEP4731dTm5L6bvWaHjc3QRps,535,60
622,L,9/23/2019,12/19/2018,93,10,1AzfYubqhobPzfYvFnfG7qNrrHsmUAk2R9,496,85
623,B,8/23/2019,10/2/2018,30,10,15wgCwpiKSHxxiXzfu5QFt59crykcenZh3,284,53
624,J,10/29/2019,7/8/2018,74,1,1FkvHpzXcuqHVSZj7zy3D5w8NRoftWyKEp,696,8
625,G,6/5/2019,5/21/2018,59,8,1CSLbTvzF3zZLaHisMbebHbkZXPuzKnRAx,710,47
626,K,8/18/2019,8/4/2018,23,2,19Ra7asG6httRo3vEG85uqeWvG6XFx6J6b,299,48
627,H,10/13/2019,9/2/2018,22,2,1MkPQ3ZtV42LC8h4j1pxeuiDdsJrt6yt9k,786,32
628,O,7/1/2019,1/6/2019,92,5,1AbHXTXTXknEv2nySaNeM53vyn3ogLTti7,437,13
629,N,10/2/2019,2/9/2019,25,4,1JzYYrtjQZd3FMk7a7dwqwfC6vsEf1gC9E,26,7
630,N,10/6/2019,3/8/2019,23,4,17wXM3yCV16GZd4nv5vxndBK2QpRgLZuic,943,65
631,C,8/13/2019,1/4/2019,66,5,191rJsWZ2MasaA96f86srCzLHLtTAYw6UY,762,52
632,A,6/28/2019,3/31/2019,13,8,1N67d3b6a3QvufMn7exTWR8jdTwzXMtvaQ,963,7
633,L,6/15/2019,3/6/2019,27,4,1F5j8Nw59rfdF2iKPj5MMrL1EeQ4VrtCzE,938,42
634,J,8/1/2019,9/25/2018,75,1,1P87DKAHUmGGSurkuA5vAhU6NLwNQFwAMo,213,80
635,J,9/4/2019,7/5/2018,92,6,1NsgkLaoc9feNRw4qEq85xYt6MEdULw8GH,79,84
636,K,7/5/2019,4/22/2019,8,6,1J1tZB8oGrP5tqxcbnzM1Tp6Urk8ZKXiei,760,16
637,K,11/7/2019,8/12/2018,40,5,1FH9pXGFNm9HTifxxnsJkFQt27vfj7U4Ne,991,42
638,K,7/27/2019,11/15/2018,27,4,13865bUVcrZHYHZhqdMHoSqhnguXxcmB2f,481,48
639,B,10/28/2019,3/30/2019,84,9,1G3MnWVpZZiJggGp7PGVBLVJzmyZGwrxYv,447,28
640,B,7/29/2019,3/1/2019,63,4,1Fmv9RKAFLCVQykkGSMgHQPYd7RSkhHxhB,192,60
641,B,9/27/2019,4/26/2019,49,9,1PKckGDbBPwaqepQuub96zCBs4VYoeEQAK,585,26
642,O,10/14/2019,6/2/2018,3,5,1Kzn3vTEfnoRazXmhUT2wgBqrgDKfNBwc,21,67
643,F,7/28/2019,4/24/2019,69,5,1FFuKqofSPwGV92erdtXjNA4y4a5yDw3Hn,504,51
644,I,9/26/2019,12/10/2018,41,5,15Wj183DSZVRBYdoeZcpVq3Qhqsdfeg1c1,487,3
645,L,11/16/2019,7/13/2018,60,5,1MiaHsRhD9Fj2QLDAxmifpuqGuuuRN2oEQ,710,12
646,N,11/9/2019,3/16/2019,15,10,1AaZseGQdafUhjHW4eF7fm4QVSTDSgRMTh,240,47
647,L,7/1/2019,7/25/2018,25,4,1KMQ5h8ZDASEJWmi5BTkLc9xUx4H5tFSEA,8,66
648,K,8/13/2019,9/14/2018,68,3,1PB4v9BVA6uJULjYiXZ1qG9d1MQXWLoXkb,853,42
649,D,10/30/2019,7/18/2018,55,5,181rSdFB5in8CkoYNk5LvB7nvtpgSXrBpT,995,90
650,N,10/31/2019,1/15/2019,82,6,17WSmev2BVvSFA43rAdwJNq9eCA6QHHRAQ,793,37
651,F,8/3/2019,3/18/2019,68,9,19dVuZXPGcQYahyDEK3nSefP9vdspt83XP,755,87
652,O,7/27/2019,2/14/2019,74,10,13fRKizWXHXwLYR2EMi6pn3j5pFke1Y4WV,772,22
653,L,11/28/2019,5/22/2018,46,5,1DSDG3dcyYGkjA2SKZ2eRH7tv2xufyt8h2,258,42
654,J,10/19/2019,9/25/2018,77,1,1BwSHqJQ6z54CeXaznMs2m7YiKRyg2SeLZ,751,99
655,O,11/7/2019,12/6/2018,19,5,1Ppv8RCadKtohbfMgRAPdKDfXkiRwTfWMB,604,65
656,G,11/12/2019,7/23/2018,8,3,1AWVNpAogqkRYaRRgKHD4rr29fFN2nFrwX,153,22
657,J,9/16/2019,3/19/2019,78,4,1MX9KZYBCiyHRXa8pvYMfhHLMnxr2qBwFh,759,30
658,L,8/1/2019,10/8/2018,30,5,1PfS1NChqFVx5aUJNHTwSRDgYrfGbQgUw1,636,72
659,E,11/1/2019,10/26/2018,64,10,1L2ADcJZUCCyMp1cWS6TwKuRM6j9BrbHe7,291,43
660,L,10/2/2019,5/18/2018,57,6,1PdRPghcbUqcpHHnXbAE4WQxFCmWYyu216,520,90
661,L,6/30/2019,3/9/2019,47,7,18Bu7Hxc8DdotafyvYXK12VYPvB6GuprWV,901,35
662,J,8/4/2019,11/3/2018,31,7,14g3V7YwknGda7nVqTNSYMC7ypGYHgjyAD,510,43
663,F,10/8/2019,8/25/2018,4,1,1Jk8D6QpNERPdFpXis8m5WkCGvLCuGZZt2,627,61
664,E,10/11/2019,9/5/2018,67,5,1FJDwRHWUcXPoQwNyybpqUjQw5BUq1bzQk,283,26
665,F,6/29/2019,7/25/2018,92,6,1PALgMVtnQ3MCdHbPEKGQioyXEA9QQqE2z,171,37
666,E,10/3/2019,10/28/2018,28,10,1C5p8CLk5nz2dHcd98H4SN2ZgwRuwHAzx9,331,41
667,C,7/20/2019,11/21/2018,24,6,1KKD14qPkoHp9g95SpbZBzMvGZsRnMSJ93,292,24
668,G,6/14/2019,6/3/2018,52,5,1Cxk1fLp4RGTCDTWYz2YogH2b5A6jXLssr,943,66
669,K,8/3/2019,8/26/2018,96,3,1LPcp62gcPKQGFyCvnjorjyULPZ3FTa8im,704,42
670,N,6/28/2019,4/5/2019,38,4,1PPnevCLLQHdqSaxrmtaVq9ZMvngpsbxHo,694,71
671,F,10/23/2019,12/1/2018,40,8,19P9LunKYWtJZpmg7SPDoXmMzHYMHq8n9d,227,72
672,E,10/2/2019,11/29/2018,99,7,1EfRsnp9esoD3pQz3LwPRQFb8P3Ptz2XXL,305,59
673,I,11/12/2019,3/21/2019,22,2,13xvpiZKBH8wMaoicw4bakav3xsyaJvmb5,842,8
674,H,6/14/2019,3/4/2019,31,5,1MrjZ7WSkfHaFJgPMPzwzgSb2BY2BVK7pE,439,48
675,M,6/11/2019,4/26/2019,89,3,1JxVUruTannzaNthfaTiHD2s3oqxA6izQ3,447,29
676,E,9/18/2019,10/30/2018,7,6,15mjgjn67M87ay94hdhHQ1fhNjQa8F1dhM,763,90
677,N,9/23/2019,8/7/2018,89,1,1GnqWWxQRoBVeZKghuE2KKAJhPWxsFGHP9,215,92
678,D,9/8/2019,1/12/2019,80,5,1BVatcMv8SjpWH2eUBRWWjif7sCugfdcSK,486,82
679,H,9/10/2019,8/20/2018,15,7,12Qno7jqHLwmBySQ3PGjwpaYF93EAUWZwn,665,29
680,E,11/27/2019,12/3/2018,93,2,1JKf87A8ZCyVXkePoCmKz8dCjhPcfpiCqz,791,45
681,B,8/26/2019,9/1/2018,60,1,19DdvpdYtxcVDyEJxjRDLYTZKeANvbdGV5,874,77
682,O,6/6/2019,12/28/2018,57,8,18cySRzxmkkK9Ro6yq6wdmmAe1UqvZJjY1,664,53
683,O,8/29/2019,11/2/2018,78,5,1KBqo9rZB9aoAK94Yqau2yQqDMh4TJQiLQ,625,72
684,O,7/9/2019,6/10/2018,62,4,18p5kgDJNtWEZvZ3YtnW6AqhjGFiQGNwqx,416,36
685,L,6/16/2019,1/4/2019,60,9,1DaKZd6ThuASnKp5ERddqJwwTeWaMe7c8J,912,85
686,M,7/14/2019,10/22/2018,24,7,1Q6mVhFZkky1no8RgJEaSfSApSP8c8i4GH,688,17
687,I,10/28/2019,12/8/2018,49,8,19EsqoEC2KD8RuXe9oSmFSussFvhAs7Kj5,97,94
688,F,7/26/2019,8/31/2018,52,2,17mkr62HBFpxiQyFtemg4RypQb5YwBbYtN,644,79
689,K,7/21/2019,8/25/2018,17,1,1K1RbF7aVMBKcP9djjJtNwu8p5tLqhcarb,172,31
690,F,10/31/2019,5/3/2018,83,5,1JRafneqJxzo6aPSvLBWqNeGtfS8tNEvc9,418,90
691,H,9/27/2019,2/15/2019,53,1,1BgvF3BcEdPPWgKKrYLgxYZ17nDW4nWSiB,842,80
692,K,7/27/2019,5/31/2018,95,5,1CqNHavMu76SibkE6WcpUYTLLaEMQWiEYN,536,79
693,D,11/10/2019,1/2/2019,73,5,1JosyysJuJ6amcrmneTUJJ8FEacGXUpmHU,1000,34
694,P,11/8/2019,7/1/2018,10,10,1BcRvxdFVw7mWt92736HUXVhZJ18BMvj6T,931,78
695,D,10/31/2019,5/16/2018,93,5,18dCgzXXbU7Dv5czSCpGC7hLXiz53zmDf9,369,56
696,O,9/10/2019,8/21/2018,71,5,1Di88DwNs1YZogsMtx39TDebBbtm68EB6w,647,48
697,N,7/14/2019,1/8/2019,84,8,1Kfjc6eCENrjEk8bziAjrYwQJkK3YR1cRe,650,10
698,C,10/5/2019,12/21/2018,63,8,1CXPp2cEjC9XWQXkLAXKjbj9P5sAV2Ram3,221,5
699,F,10/7/2019,5/30/2018,2,3,19SaZn7HfU6wWnb3kKXfKBe2kApvUNj86A,498,84
700,M,9/27/2019,10/16/2018,88,7,198o8LCMsNnQ95TVadChfP49wFRmuPuXvz,332,75
701,M,11/5/2019,12/20/2018,50,6,18J9dUijjhMbW63EN7aMUkHVw6sYCRLEK,939,3
702,H,9/19/2019,12/14/2018,76,6,1GUSZ8xXkhZHV84NLPrffv9YnsrKHWdQ6g,419,60
703,J,9/16/2019,12/5/2018,32,1,19V6HfKrhrNYJjymyTG5GQpEZtFKa7hGoF,309,55
704,O,8/12/2019,5/25/2018,91,6,1Hw1oArhTS1C3TFRfH8iVvBkmQqsgEnUnz,581,3
705,K,8/15/2019,8/21/2018,72,9,1Ez2Ao5tu2xYznrWNZdpURA6wMKhZCvgfu,56,43
706,F,6/20/2019,2/8/2019,69,8,1HrXT77AePm5vsyYW7jFkxfUAYtAurE9zq,104,48
707,P,7/2/2019,11/8/2018,65,2,1Cv4QXxvSuqqBY3VyDooEXqDrebYkMWzS1,218,19
708,I,9/29/2019,7/15/2018,27,8,1NPzsmELhzZd9Pm3Xut9oGSGoZXJo81Bhz,880,77
709,B,10/21/2019,3/18/2019,95,7,1MuRbDc9NLuhbmNu4kdGgxf8BUMzSowA8R,465,19
710,O,11/5/2019,1/25/2019,22,1,1H8rugDJA79MYHLGmX1pfqEDPUC2DaNZYR,64,82
711,L,11/20/2019,1/17/2019,40,9,1GrJkQdiZW2sxobKR3qPSYgvcjVqwqgFTA,687,91
712,P,7/25/2019,9/21/2018,32,5,19D42WLSCxnLd1JQ4dNBaXwSmThSWk8kwn,242,21
713,P,7/20/2019,1/31/2019,96,4,1N4MLqZ9u8Wvks6ETBrQyRV5RgrniKRPyF,410,19
714,F,8/27/2019,4/15/2019,78,8,18NmwKNgUWmzps3drRNLTupZYbLH284LwV,672,74
715,C,8/11/2019,7/29/2018,30,3,1Dtw6Km4tpBf3JVoXzbMc2hmVuSxYu5uaM,705,63
716,O,8/25/2019,2/27/2019,58,3,1L2pB5dfKH7tQbAtwYEmBVPphqumooa5Sb,590,3
717,P,8/31/2019,6/3/2018,36,6,1E27obxeXRrR3HpZunNuJAikkcZEfDD2Sx,733,9
718,N,10/15/2019,10/24/2018,95,3,18s2SiMKxJBrEE8M17Ers5z21ZqiuKXu75,535,10
719,B,9/16/2019,4/14/2019,84,1,17wYRKybV6SYXftXRPAugvyP8hn5YRX68v,120,18
720,L,8/9/2019,11/15/2018,43,10,18GnBq3ZSoCebYVPnYfXhQmisxxqUgZSd6,506,17
721,K,8/1/2019,5/20/2018,80,6,134Snkq8hKoroe8EUd2bCeT1XAaZxZYUxh,277,29
722,N,11/12/2019,5/14/2018,71,2,1DWD1QixcqV4HWPdrePXBJ77CgZR1z64p5,683,68
723,A,11/14/2019,5/22/2018,58,7,172reNuUSbgVn3fF5wGchpZ5wSqbRCYEzY,244,7
724,A,7/4/2019,3/22/2019,15,3,1DEFD8J6HBpXQcmfqpm6qHDmBPs8puj3SJ,867,87
725,M,10/26/2019,2/13/2019,35,10,1FwfmGDJEnMxULnLeeuWwC5RRVk8YbURa4,169,99
726,G,10/29/2019,11/7/2018,20,3,1KBnMjF7wmACSzkijnmagU6Z9Sn3fNdwiM,858,63
727,N,11/25/2019,1/24/2019,54,8,1CBPm1Yo66cQh2zH8tSB8xEmuYFY9n1uFi,227,99
728,G,11/13/2019,1/8/2019,89,10,1219neivjrDA7VFtNiRL7bPRMDghNZtco9,768,62
729,D,7/24/2019,6/11/2018,65,10,1Bbjgja14cnCXgNZPtoieUogJ1xvKtn5B3,806,64
730,E,8/29/2019,12/30/2018,16,10,1NTwm6HxbLHvAzbKXJroNVc5Z4u2NUA2Lq,958,10
731,M,7/5/2019,11/26/2018,15,7,18QyWUD4sknsGMLfshxom5eNtPdKmbydJi,782,98
732,M,7/17/2019,6/26/2018,68,6,1Q9BbDj3YQYEUe77dUe9c7QRWmq7NoQHrL,600,9
733,B,9/9/2019,6/7/2018,63,5,1Ez6YhZhocHkNjSVzv78SUZNWpaWHAuYUi,455,77
734,I,6/7/2019,6/17/2018,22,7,1AUcLzhSh8QcBsr8tLcaJBBfgPBwBb497A,880,52
735,O,10/31/2019,12/11/2018,39,8,18ExU1kjJXRQ5xjbuK64vcHv3jQSrGseP9,665,49
736,D,9/1/2019,4/24/2019,53,10,1JNwp59Bv9sDTVqH2ygtZKVxSdGe9oYsbT,343,65
737,J,7/29/2019,10/13/2018,68,3,15fNPAZc3xSHBLi6nKhUrrGZsHHY8PQ71N,98,22
738,K,7/24/2019,4/8/2019,93,3,18gyfhRHVLgYKCgu7bZomMbGo6MyFXgjZv,851,98
739,G,9/30/2019,10/21/2018,2,1,1PeDFZ1Kc6gC2kUQDt2YtZ1eBoPRWpSx7C,238,53
740,L,9/14/2019,1/5/2019,39,2,12YQdxQxdXrDij3FT53KhsSJXuvVoG2ir4,259,77
741,E,8/19/2019,11/3/2018,48,2,1PjZnjwN5HcqnfVbh3sDGegmjWnd2fhLU8,215,68
742,K,7/21/2019,5/3/2018,41,7,1BMsCpmUGzy4psHVV6XX9peKAsWA4y6WxN,480,71
743,F,7/11/2019,9/27/2018,87,2,19TvxfEujMRi8WLfuMwvXNuj33nzSVvy8a,671,35
744,H,6/22/2019,9/19/2018,41,10,1GReMw14r11SUHhmBLpv5eXnpa2gtF8knK,415,22
745,F,7/2/2019,8/11/2018,18,5,112jDUiEzMpakj5Kb6aaVbanmSxFn8pMEE,116,22
746,P,6/13/2019,7/14/2018,82,7,1C9fjdBsj9L3BjogNAk6H7soYm1YijRMko,739,13
747,M,6/17/2019,6/3/2018,63,4,15Gekn6XBk163LFRKinyJHN8XgLwwdrkSR,82,46
748,A,11/29/2019,5/30/2018,36,10,1PMvJbCwmHgWWjKAniXHSwpNrTk8nsE54C,788,12
749,N,10/7/2019,6/26/2018,78,1,1LyPj92mkTEqdUqiB7Em6AzPFZRZPr4uUw,595,84
750,P,9/3/2019,6/13/2018,81,7,1EtyznBSJVxDeWrWMp711Sp47Bhi3eH2x4,727,15
751,O,8/18/2019,2/17/2019,70,1,1P9jJC28aadNFEunJEDoZ4Es4fFWkWWie7,204,90
752,K,9/13/2019,7/20/2018,32,4,15VyVBPj6p7K1kbb4pvf7Wyu2EH4T8YrCA,904,35
753,J,6/15/2019,6/10/2018,43,6,1PxmeGgoA3vaUh2JhUHdhYCZMDcqoAU1BM,743,100
754,J,6/22/2019,2/28/2019,54,9,17ozBwtFFgXACJhf9aPVofgygBpsKQG5iE,773,13
755,B,11/26/2019,1/1/2019,16,3,1GqRBmKJftVgXZ7nF4U7towCvdRR8Wveiw,472,25
756,K,8/13/2019,12/17/2018,18,5,1EV9PwMYUjbXcZG62beRWjtTgFoAKBJv2e,3,43
757,H,9/15/2019,1/11/2019,64,2,1DBCwqcMC4faAdTj8FTZZFY8FkMqaqqQae,295,68
758,P,9/24/2019,2/27/2019,18,2,1HGya6VMmKAMjqWEUy98g8i3M5Rna9vGct,11,55
759,F,7/31/2019,10/21/2018,58,10,14HmowN7mUgXQhZ3SNzh5YBNapjwz69iNq,48,32
760,J,11/10/2019,9/23/2018,87,2,1CTgMGFpsresuiRw5pmQ1nqwv47zzr6XfL,799,64
761,L,7/16/2019,11/30/2018,82,2,1JzJ6Lr2bAYRQdmW1fqdrPRX7R1VU8JwdP,915,34
762,F,7/30/2019,6/14/2018,45,9,15UN3tLhsgvnvc2mSohsdVf35HTbMHLyfH,59,10
763,J,9/25/2019,2/10/2019,2,8,16dXuTatxVfcjxnnCDtp8WaX6puCVRBmUC,72,80
764,P,9/4/2019,3/16/2019,38,1,12HpR4RRsmya9kZxE6P7wtWXF59ZEa3H1N,314,54
765,P,11/23/2019,9/14/2018,19,1,19Gn1JFwKAvxkMjq4jDFPRskQ7C8qXgCLN,686,36
766,A,6/7/2019,12/7/2018,32,6,1C9ewzEd7mmQ3pGxuT4W8PN3WUimHpQVJ3,879,100
767,H,8/31/2019,8/23/2018,100,1,1MgTt8zRhVf1SfDDL5Y6EGmjewzxaQHDBs,38,43
768,A,8/9/2019,4/4/2019,51,2,19GHnCvqCMCEN2MksR268JkbwXjmzFLstM,241,82
769,A,9/28/2019,7/26/2018,1,1,192SourPzGJaPwxwiCBDfMBrwn46c5za6Y,77,51
770,H,6/8/2019,2/24/2019,94,6,15MMkCioAQztrwjmsVGhALejEa7r8uajrn,584,47
771,G,8/18/2019,6/2/2018,83,4,1GzhnWGJBsRa1EHPe5dbJijVNDpCyguGvW,599,53
772,P,8/18/2019,6/14/2018,100,6,1MxdCCNDjqhz4XHcKoEvBsnTEq5vaVAeCo,972,8
773,F,6/30/2019,6/9/2018,3,1,1Pf7gTDroWvGYH63a3K8MRe3kHRVjCDcfd,986,60
774,M,9/18/2019,11/29/2018,54,3,1PogrbXh1FwHbXaVdgK8onik9gs8UQ4Hr7,693,93
775,C,11/28/2019,4/13/2019,45,4,1EgBSpeojxPx7GswXF5bcWh3VRdUqywsa2,481,71
776,O,6/19/2019,4/27/2019,70,1,1QFSNUiJ3iesqhQFesSJS8nroJMDKCSmjK,43,13
777,M,10/2/2019,6/1/2018,77,5,1H1M2QKYHZrMxWnGgwHPFDnjf3ujYHZPXs,485,88
778,K,11/4/2019,9/30/2018,55,6,1BFFLhVtPBjRs4w6BstN5da8e6kRdDzZ5j,771,69
779,G,11/7/2019,5/18/2018,22,4,14EFbwR6RzEgGnzXhPyMUJTg5opBbrbmLx,826,68
780,C,9/18/2019,2/18/2019,21,1,1A7dWa7UHwaojv5REnxzw7VUvYw2xWe5sA,546,65
781,H,6/4/2019,8/22/2018,91,3,14oGVpz2gHDD2uQKVxpwj13RkXHkjrSudu,674,100
782,J,11/25/2019,11/26/2018,87,4,1AvWymABiRgynjMzaUvpoLurybS5Xp9tbu,430,31
783,F,7/24/2019,9/16/2018,80,9,1JDY1FzSfqajUu1714xkxZ5Pv8JJUk3Uqb,932,82
784,A,6/28/2019,11/3/2018,87,6,1NrFqqhAkUqJE8cAjd6ZVDWA7gkxxkMH2U,763,44
785,F,11/2/2019,11/14/2018,94,6,1HnAdbsr8DXYvNZkrHQrTrdEibhpuGUL7Y,9,52
786,B,7/27/2019,10/24/2018,35,7,1G1cAwnxqVyT1kxRnbU2shE24FFiiTosQt,563,69
787,B,9/1/2019,10/13/2018,21,2,1F3DR4qGHYc6WrFe4uGgWkDPjvDiYYFW4,594,64
788,L,11/27/2019,5/18/2018,99,9,17Ho1ErQRfV6P3Yu8SMq9wy3zYEqmfcLyf,762,41
789,O,10/8/2019,4/14/2019,42,3,1HTZoF25UsSfXyU1CAYYTS9NsnPZtYH5Ro,580,43
790,N,8/29/2019,11/6/2018,58,2,1DtB9Qaegvv2Bi4LUezr1V52F6hLBTn2Fn,575,45
791,E,11/26/2019,12/15/2018,7,2,1FneymDpYzSfqwXmyBMYxE8NffJ4VJ7R4m,433,15
792,J,8/6/2019,3/30/2019,48,9,1Hvjfonrpfax76EoFHYCVrwnzKQ7t58dK,15,39
793,F,8/12/2019,8/21/2018,14,10,1CAfqX27jVaFAgPJexz42s4KE44YPbMN7E,79,23
794,E,6/21/2019,12/22/2018,7,6,15pL8ejjWHoMLV3aqB2bK35V29QV1SXj76,98,10
795,N,11/4/2019,4/6/2019,40,2,1LvoPKSt1mGaH4Tpn6sABd5Epwm6T6CTHE,102,26
796,C,8/8/2019,12/27/2018,15,9,1DxJX1mK3DPSFBz5mBEiBgjsuqi9qiAT4E,251,54
797,J,6/3/2019,9/17/2018,50,10,1FpFCkVuCgRTAeQjap5nLomo6NxusL6c5z,149,45
798,E,8/17/2019,2/22/2019,59,3,1HL3WkpdXHqBVjbgaxH5nHFBVwoH8d4oCa,80,81
799,A,10/2/2019,8/9/2018,92,5,1GV6UCzpqt3bwpau1K6Jmqt4wYqYvJnQU,270,71
800,I,6/23/2019,8/23/2018,64,5,15ZyeC9gYbrYD4wZnsorXTmJ8QqtPbhPP2,785,51
801,C,6/18/2019,2/24/2019,47,8,1BmZeyUcPFqPcM6J8a3B878KWtw2m5RWbT,861,97
802,J,11/1/2019,4/26/2019,27,2,1PrcLcqpAKH63Z7D8mKP51qQr3sFLCKdnK,893,43
803,E,11/15/2019,12/2/2018,85,8,1FZm8tFhRzVpHawtFXpv4JdVPPxe5hataD,272,52
804,E,6/11/2019,3/27/2019,62,8,12ZPmagA4qJoX4VWhv6vBDCpy7qmsmmtKT,331,84
805,A,6/30/2019,4/4/2019,63,5,1YRmpgJHYZxjJy9xAKJc8rXej2mazveyE,427,79
806,N,10/17/2019,1/30/2019,3,6,18gSttX12muiFzCg6AqoxcdGuRGxxTCtrd,271,45
807,I,10/27/2019,11/13/2018,29,4,1CP4fVgGX2XcLAeD8v2AgL8DNYap7cZEKW,582,28
808,J,11/13/2019,9/22/2018,13,4,1Gji51V5ZLbhMN9ow4QKoawkNRko7XUw6P,5,37
809,O,8/10/2019,8/4/2018,15,7,136pqLYuVoyqRD41pyfq5AmodXwXQGKuC1,399,10
810,K,6/8/2019,1/10/2019,80,6,1DwaJRr7atWzzY3XfRLWuaHUHEQhXExSW4,655,62
811,O,9/16/2019,3/21/2019,92,1,123uJ8jgC29pJceN2ud5xBiKQMk4U4b9JZ,631,78
812,L,8/17/2019,7/17/2018,27,9,1LNt6CVnsK1rM5cV4sMSiJPS9pL7UL6xSA,26,34
813,B,9/7/2019,11/4/2018,34,6,19Tgg7s8v1pkvCi7JhxZfvE4kY95vikLqb,1,42
814,D,8/3/2019,10/11/2018,17,5,1BjWvRXBxqmRQ5zB2JpatMDNutBEpCFNdN,780,19
815,F,8/26/2019,3/23/2019,87,7,1FTRbGGh16VjWTc1GPM468kjjaAb868RJs,305,49
816,B,9/10/2019,9/27/2018,92,7,17o4iLbhsfFEzx5kru5wMDmgJyCYXtT4a2,459,68
817,F,6/18/2019,6/17/2018,41,10,18gqYPXfWkUPRpGZogsNLLCBJ8Dn7KdKdT,820,36
818,P,6/11/2019,6/20/2018,40,3,1NjtQjU3Ad1VSBp4VV2GXyYT3dgHqfpffd,487,66
819,D,9/19/2019,8/14/2018,92,7,1DHXQfAhh2mrTAJKDdhVtpqUyAbS2y3wJY,627,91
820,E,7/19/2019,11/19/2018,75,7,17yemYrpieN4G3f3stubaNgq1atVvBaMTD,793,21
821,O,10/30/2019,7/18/2018,13,9,18MB8RvWSdSybyVHhYCGD7gswHAAncPLAe,443,34
822,I,7/13/2019,12/4/2018,46,2,1L5oSaZAvZQUxcKDo9DcAdMHda27xP5Hi5,877,31
823,M,8/12/2019,11/27/2018,90,10,16j2uH8Z3eHzeAD31XWUJb24hDarru37MV,33,19
824,F,10/24/2019,6/23/2018,56,8,1LtUDe2a678fFniMpVkXHdXhqxZ55x25Hz,492,57
825,F,10/23/2019,11/11/2018,57,4,15uphfufzjpRgUsneUM6fjsCSnUg3FtQsS,291,1
826,J,6/10/2019,7/5/2018,99,7,19191GAbfzct4MeV6PGygD7ZT9Fg5ABJL7,796,6
827,I,9/3/2019,8/19/2018,100,6,1NvguvsWbRdMct9Y2wctSbkS7pqsxqH6YM,507,70
828,A,11/1/2019,5/22/2018,22,5,14ineTgLoa5z1YigW8xr6EjiETNQUcRqFV,262,93
829,F,7/20/2019,8/7/2018,93,2,135s5XDFUSHWeaeRS2ivRp4qdVNdn6bwAT,730,14
830,C,9/11/2019,7/26/2018,77,2,1FimdMC7ZnG2xvoZQqq2uKaeZSBrkaeroK,102,81
831,C,8/2/2019,6/27/2018,9,2,15tjmXcXqFzxkwwb2DANsYxe7esLCNZR3T,888,56
832,H,8/5/2019,4/25/2019,17,8,1H1fZKZSePgSNh9uxmY4shLNPGHmPEafii,297,45
833,F,8/7/2019,6/21/2018,99,8,1MCeDHAYRwc5wqCTK9H9KztECYmpxrsLtx,628,82
834,N,6/21/2019,6/14/2018,66,2,17qNxwvvmTrjvPsi1K6LZ1htH7x9thknwe,778,74
835,K,8/14/2019,9/6/2018,52,4,1PE1SUw63y9Hvx4hxeE6YiJKvmEBLjCVfe,89,91
836,N,10/29/2019,12/23/2018,57,3,1Csk9ULoHxfCVhbwPRQnRumhtd9M5j1eew,273,62
837,O,10/6/2019,7/12/2018,88,5,12pAmYikTv4WbRhM34hMkwYGLNLjrKGBJv,256,36
838,K,10/2/2019,12/14/2018,51,8,1KvF5rR9V2WgoxRYkjBsrsMmJoUW4aNKTt,746,73
839,O,6/19/2019,12/27/2018,1,9,12jAzUdYGug8pf41CMGDguZmgm1nQYDU8B,469,55
840,K,11/19/2019,7/12/2018,92,7,19fDKv8VmNhGgV71EVHgbHttrDa82fe8b,440,92
841,H,11/24/2019,6/26/2018,5,10,1MTBxJWS1bchs2bLGhAm42myAkKKFzzpzq,260,80
842,L,11/12/2019,10/19/2018,35,6,1NworFEByiS7NJEWFaXdu68XnQsd3wvXKR,758,41
843,K,9/6/2019,3/22/2019,54,2,12vkGnzz7TmGbj39WGi47XLhXvLQBdyjrj,352,72
844,G,9/15/2019,12/16/2018,1,4,1FKNKdoxRjsGirP2qAuexkzYu3gjZkj1fw,279,70
845,L,11/29/2019,6/16/2018,55,7,1KNQteDHLVg9fPz9JaymQd6WWXpJ4cxwDj,664,25
846,O,7/14/2019,2/1/2019,32,9,1151LTLuwnfu2iDJvLMyC27ai8KxeRxsmW,962,29
847,D,8/15/2019,7/8/2018,83,6,1JgbMMC4QKGeipiKNwYVsw2CvmDfsTNZn1,240,97
848,I,10/5/2019,9/18/2018,5,5,1PXWswcZto6SyNK13Z4XUvVBkdVamUau79,5,25
849,F,11/22/2019,2/4/2019,93,9,19vGNZYKGbs2KaoJD2CELJWfdNSC6BLgbn,6,62
850,C,9/8/2019,9/29/2018,80,8,1FWWB1zEpu1Nd8g1WrXGMktskXhmBWtrLs,992,25
851,E,8/19/2019,11/20/2018,15,4,1DxBwf4NyMiw5uy9tRoaYYqtFkirHT96ep,172,72
852,D,8/12/2019,8/17/2018,15,7,13NHzeTUBSh7fTF8ftnUekDDvF95YKLcHb,522,81
853,A,11/28/2019,12/3/2018,44,6,1KzCjEWYJnwBiUxpvBwe1r8h3M7h4izUj2,777,2
854,P,6/13/2019,12/2/2018,65,1,1K9APqXUbc6TbG7B36majprQdMXWrC5xDj,486,94
855,D,10/18/2019,6/25/2018,36,5,187uFBK8cgLvYzuFuy2pxa4Kp2yWVJHtVQ,741,27
856,H,7/8/2019,2/7/2019,24,10,1CG423gbjeG74nRHvg5AWYcsvsBUNJ7MEK,37,1
857,D,8/26/2019,4/6/2019,79,3,16WofaGoTe5GDxZ7KJSShwCDYg5rnWtDJL,101,45
858,C,9/15/2019,8/11/2018,7,9,1DfeGfc48B12xoMgLDMK4uxt7iAVkEP9Ca,290,29
859,A,6/11/2019,1/4/2019,30,3,1HrwZZEyc34f4rX4e66Qj9RMyKQ9kSESNc,353,13
860,N,8/31/2019,7/4/2018,11,10,131NZtQqNZLEyBDFAYFJn4Ww3J4s9qvxUF,944,76
861,K,10/11/2019,6/11/2018,56,3,136dxteeSMJKZKuZXECBFQkiygAQSPKCi8,774,55
862,B,8/14/2019,3/17/2019,66,1,1NZsQ7pepauxyd69BoaLJpiHgJ7vJgU2MP,491,15
863,M,11/16/2019,11/6/2018,29,1,12AWXWELN7PHHLpnkHcSjaHykp3tmEcXMb,644,95
864,I,9/23/2019,4/18/2019,87,8,1HkFk5yE8avWWnZxjEUREYSEJBj34XCwcE,663,57
865,D,11/17/2019,4/17/2019,28,2,1H6sFChXR7gFgTZA6uzC4A5gk2uaqZypZt,855,24
866,D,11/6/2019,12/6/2018,48,5,1PRZCnaPw7mg2x9ohbycYHSk8hHLAvmM1T,987,82
867,I,6/18/2019,3/1/2019,16,10,1P9sU8g9UsX4iJRWEbEd4xFApMByr3fiho,210,44
868,B,8/23/2019,4/11/2019,47,6,1JoxepcQ7wCbu2TGAsTEMTX7yr89hP5DzC,472,43
869,F,6/10/2019,7/13/2018,5,1,1Ji4Z2q7yVe7vAwfCdhu21BxuoN9hUyggd,912,3
870,J,8/7/2019,2/7/2019,77,6,15wjxqBFxxew4pwCdAzxFNtWPhrpPtsw6R,11,80
871,B,6/14/2019,1/17/2019,97,6,1LPkVaRuzCmyq9kH3bJhNdpxYai5u45Cnk,550,14
872,P,8/9/2019,6/5/2018,77,10,16muoTdJQJU317jdt1bS359WEcDKJ1Gwnd,363,36
873,E,6/9/2019,7/24/2018,79,5,1Cr4ew5bQndkUJuUwAZCAm9pjvFLCqix1P,926,44
874,J,7/8/2019,12/12/2018,89,4,1JMDwJ5XkA1nHyDxsAy7eSEfrwhcwGjX3A,319,16
875,H,9/7/2019,2/17/2019,49,1,12z1yx8QadADoPm54uqpxDgnFmfVt8XG3X,884,41
876,J,11/27/2019,1/15/2019,14,6,1JTfTggwxs6YBfW62SjBsSeei5B15kSvLk,424,62
877,I,7/5/2019,4/10/2019,38,6,1BbTp7tARntACPJcqpdfRu2oRjx56rUNMs,989,39
878,D,8/20/2019,2/1/2019,35,5,1JkEZEkbGxMYaZ3gHD5w2vuJe2qsEmFCzQ,37,39
879,D,6/14/2019,5/14/2018,29,1,1DT82nGpfB8tPJH56Do6GBXehwpqqo1Nb6,197,21
880,N,7/19/2019,11/15/2018,4,2,13rqiecFGRfDNDZUUDo262qzq2Y4xbEdN4,505,84
881,H,7/24/2019,1/24/2019,41,5,19TZA5Fq4tJJdceSL2e6wvwjkBFadh2nV8,66,46
882,D,11/14/2019,12/18/2018,78,10,1Hn1UCNasQJ62MATZNaEJgMQhnWMSr6hiu,133,60
883,F,11/7/2019,6/3/2018,9,1,15WRKbM3TXKCagQGg6pDxNRUCGNNB3BNgK,194,77
884,N,8/25/2019,2/12/2019,71,3,1D2SRvhzoyN8radHYmdrRuNLQTXgPpC5qB,491,27
885,A,7/8/2019,10/7/2018,65,10,14nhL6exsY1b4ERjDK5Hbec7Z73d2V4hpD,684,52
886,N,7/23/2019,10/13/2018,22,9,1YR7BYcqPm1aKz83AseAd4et3GGqrHZCa,826,75
887,G,11/21/2019,7/17/2018,77,8,1DTQrcq7Sk4xSFCUASS1kbAK3x7x1cdcTY,191,45
888,D,8/19/2019,9/5/2018,85,4,13f8NW1jcNPT1R9kdcTqRDRNTVW1VZ9X8T,717,63
889,L,9/14/2019,12/1/2018,48,2,1AkLQyGPPEyehGSjwTp6mZHKbcyoKWezpf,40,57
890,N,9/9/2019,7/4/2018,34,5,1BVF875uuqgdZSwMqRniYMbhd32bSqmfbY,1000,50
891,A,7/6/2019,7/26/2018,40,8,1NV7ShFoZdcbfrZYmnHKpBUzkpzu1xNq2o,795,63
892,P,10/15/2019,1/23/2019,57,8,197zFiN3RpLpYPjoB9DF7pvS6J7rwLRyx8,154,39
893,B,8/3/2019,5/21/2018,8,6,17RQnZXZkFmr7XpAsDVKpqRKgyREueB3X5,324,95
894,J,8/7/2019,6/2/2018,60,2,18coJrWpxF24cTQENWY2vU7AhrjEXU9AYY,725,31
895,O,10/19/2019,5/9/2018,14,10,1DpE32fFnstuQkrQNVEALLVD2YPvvHKNzs,927,82
896,H,9/16/2019,12/16/2018,80,3,19SvdNJXVbsAJ9Wu1RFqDW14wGw6PF1ZVB,911,51
897,J,11/11/2019,5/23/2018,35,3,14pEseyfYwC1dV6HP7uaof7xsBpdhDp62X,660,18
898,E,10/3/2019,11/5/2018,94,4,11FZocbWUHYPxAbLfSgndG9VRa2XkK6pe,162,63
899,L,11/14/2019,12/12/2018,94,8,1GJTBAVxpMP3GHAJbtMRtDmBuFVgXkR5jv,46,11
900,O,6/18/2019,3/21/2019,39,3,18Q271aLE8dfzrkjkS9NjqKASquGopLsAi,92,84
901,P,6/2/2019,11/29/2018,49,10,1BuosEJrKQojggAKmCB6kaDhLtocYhBaRy,150,2
902,A,7/25/2019,6/28/2018,100,8,1JL9fCCe3eA1gGmAjJHZTYynyQdWQTHz4b,367,10
903,O,7/18/2019,11/21/2018,30,4,1HqKA1dGdaNc77QpeQD7W41ALuZhqfaVUv,133,14
904,P,11/2/2019,12/3/2018,87,8,17jBrYQJiMMwoXHpVj11WusMxqdSR3QvBZ,481,35
905,O,6/28/2019,9/7/2018,79,5,17r3MEusdiANYiAowSUM7fCVPfLCghQqdC,405,79
906,G,8/6/2019,1/28/2019,9,2,15r1jzwFdbENNZutaS8CBKxmauZssJEQRC,869,54
907,E,6/30/2019,8/26/2018,15,6,1GAT4Wr6ny2s18V7fbG7oWnoD95pgV4EpQ,976,4
908,M,11/24/2019,10/1/2018,47,1,1LdZiEqvAhdVcb5GDJtQVRWrEoQn1QfLfR,878,66
909,C,9/27/2019,1/2/2019,43,6,1CrPAarrWwUsM7uYjn5LffmZ8YqsfQUnEm,559,68
910,J,8/11/2019,12/28/2018,51,3,1NW9bFJKxJze8Qr3KmZGfVCmY9sU3UnXYV,317,58
911,H,10/17/2019,11/2/2018,5,3,1t4hjVrvwbisB4wk1RbwBMLhHid11tvLw,855,22
912,M,7/22/2019,7/12/2018,22,7,1Epsm4EcFMPoAQn4HtJpk6osSgB1qG2TjS,570,22
913,C,9/23/2019,10/7/2018,18,7,1a3URjGvSD2bk3Vc8s62RM9rvMCFYct4V,613,63
914,K,10/27/2019,9/19/2018,34,6,1LFEkrziXJzK4AwUA2DN63hN1HrLuwkgqz,885,15
915,I,7/5/2019,6/4/2018,31,2,1Nij7cxkvWC6htN65zLSMWLfkmbQ7xXzvA,82,22
916,G,8/12/2019,1/17/2019,79,2,13VTipnPJ5Jr6gy5wmjXgV6Q5pfRSeXmWh,927,59
917,B,8/8/2019,9/10/2018,58,9,1EMod9YrXxxPnWtim1rBixZ4sScvcKPxuX,861,39
918,F,8/4/2019,3/4/2019,80,8,18Jvx9SbzYNBYgrFc7oTLdgGGwvktqhx4X,137,27
919,E,8/22/2019,6/4/2018,18,1,1LxPcGUzJNVdXZTyW4bkBCUxWmHfUtJ7mm,754,11
920,O,11/1/2019,7/10/2018,62,6,1GRFJAVX6CUioU2vEHuqtsMiCoBUAjk9Yx,248,8
921,O,7/20/2019,3/31/2019,2,8,1AYiYE2KKCiikdbVqsEBeQRhWFg28bdbFn,502,21
922,H,11/28/2019,10/31/2018,59,10,1KTBiCHQunSgnNG8JfMHFSd6ry76SGBeC6,573,81
923,H,9/18/2019,3/22/2019,64,10,1LGvhVbzcWnNxSArnC8ouPWo1JyJ5CUKkr,515,66
924,A,10/3/2019,6/23/2018,90,7,1549217ZjjEYfz6e6QPmMTJzitcWbTdueR,423,96
925,A,8/9/2019,5/10/2018,16,8,17S9w6nUa3TJ2NVHovXZnkn7FTewkLygJV,475,40
926,A,8/17/2019,1/28/2019,65,3,19eqygrczJ1bozoH9KwgqVtxQfXNJrR57C,909,27
927,N,11/19/2019,2/6/2019,32,3,1HH8h9sWk4xBkBt4RkcxHJaCSbDatmrvXM,264,53
928,D,8/31/2019,7/26/2018,9,1,1KyVCdShrGjemMHAnSLa8VRVTYfvzy5r6L,483,44
929,M,11/25/2019,3/4/2019,48,7,12fvbg4q1zWyiy3qfCvv88taqj1uDqmKDb,858,52
930,L,10/12/2019,10/6/2018,52,6,1DVtHhTJYkaXeTrjXCrepwUdivytxwNmAq,842,86
931,E,11/17/2019,5/26/2018,6,2,1K7mcfftks5LQvWS1oM7kcEL5394ABQZ6M,573,34
932,P,11/6/2019,12/4/2018,97,7,17wkNMXw8aAQPJgpYsBQR97TCzTJt1j7Wk,415,2
933,D,8/28/2019,7/9/2018,49,5,1GVHTmRrdXVxaPU48m4cncCqaAmv3MT74y,981,47
934,J,7/4/2019,1/25/2019,30,4,17DNtjLVLnksTdtS3kwuUJxAqKk2gJuCJE,149,25
935,H,8/31/2019,12/8/2018,80,1,1BJDt6wpzmonUsMXVovUqGPMPvLtVAsHXs,468,7
936,G,9/15/2019,9/22/2018,29,1,18xJss1xRdaHHS5tWpUntkV8hU7RPtuna6,986,79
937,M,6/11/2019,3/6/2019,69,6,1NbcMRECAsUgwrVaXLPDuhh7Xmb5C7ndMs,92,76
938,E,8/27/2019,2/20/2019,65,8,1BD12kYikuYPDa1uXyvi6XKr6f78s77W38,950,85
939,O,11/19/2019,6/23/2018,90,8,16u8tcRfQ1LBxLmJNHY4wvMfW25CP5wQcU,973,35
940,N,8/31/2019,12/11/2018,73,2,1F7bPQ6KsCkHtDZDBArR3EBuSt5fM8achW,901,1
941,N,8/26/2019,2/23/2019,91,2,13U7CozWCsgNcqqJ2qAhU3w8ERuB9TktTU,729,6
942,D,6/15/2019,7/19/2018,8,6,1D2AH55weRe9JaYjJhqvhV1rQM7kFME796,254,49
943,K,9/21/2019,5/1/2019,63,7,1NU7fypcevqWVTx3zqADg3queuiebiP54w,599,64
944,F,8/14/2019,7/25/2018,20,9,1iXdd7c7iiVCndHdN7kfnZYer3JLF5D7k,956,61
945,C,8/3/2019,2/6/2019,70,3,12gEcP6gEammNQBJc9eJUhcqqRtoXeAmgM,220,13
946,O,10/25/2019,10/3/2018,60,3,19Rbmbz8XH2cUpCYy4qZYBwmvSAbQfktc7,543,57
947,H,7/31/2019,7/12/2018,18,3,144ooxHuakBZ6y3YDrpF8JjvKniS1RX485,408,64
948,J,7/12/2019,4/29/2019,81,3,1713BcvWeHW7bEW4aSSXJSKET9F8qNS61j,874,5
949,F,8/25/2019,7/17/2018,2,4,19JVETUmrSh7JbYUkPjNoSzsjrZk6cKGEe,717,61
950,H,10/18/2019,3/13/2019,33,4,18kG93od74isZdM9vi1zjPVmLifTRKUcgp,770,53
951,O,9/15/2019,5/26/2018,11,6,1AqAm4mwv886tbF8uMZ15jURSNtJ6Y5MYD,174,93
952,P,10/2/2019,5/8/2018,41,7,1FyYQJhoBh26MmiJxxMY4QVfmRD6czwpAA,281,99
953,D,6/2/2019,7/31/2018,56,9,14omWee9gG12BMqYBnX4QuqtiJLEW5nCKe,698,89
954,B,10/21/2019,8/9/2018,75,5,16wmAzpkd5z96KmAVLukXMboc4vKF81sME,347,2
955,I,7/10/2019,9/13/2018,65,7,1JiyTRuP5ygncQFn9UYZUH8tdN4ojLZRuu,115,74
956,L,6/13/2019,5/2/2018,39,7,1DoyNQnHQbsnEg5wzvHaZ2dWVzaZCMbT39,844,89
957,L,7/12/2019,2/25/2019,53,6,16x4R5EN6oTGFPxNztNTg6cgJNUA2tVdii,193,6
958,H,7/12/2019,9/2/2018,84,3,1KmmcXGpcxmwJX8YHSkMC3WknmUVvf5afg,429,11
959,E,7/9/2019,1/3/2019,48,3,17tsdio6PzKKZoFXBE5W3Kj8usrTn8JYQQ,774,15
960,F,9/21/2019,6/28/2018,13,1,184845Qs3FgpmHbEpDTUX24VLKCYMrfEEh,604,64
961,B,9/8/2019,4/29/2019,84,7,13HwzcWfeG9V8p9wCcf7ZCbLHV8oE9JMcT,442,19
962,K,10/18/2019,3/24/2019,29,6,1HioNi8P9JjNawia7GV72XUHDXJ8hokQC3,931,43
963,P,8/1/2019,2/8/2019,82,3,1MvRUSzzBqNWxTYRAzm6kAY1bVrL82dGZm,246,42
964,G,8/17/2019,5/10/2018,69,1,18kRsfHR3SgC5dzbvxfyG5De9H8HmJS2zW,907,23
965,O,11/26/2019,3/26/2019,21,6,1DYDs49kk5R2p6SNbUkQzSkbfBJibqvBV2,748,96
966,L,9/18/2019,1/16/2019,80,3,1MWpBLPB28TepbvNPa4mk7Ps8np1QCUemd,680,75
967,N,11/28/2019,1/3/2019,97,6,19W3m2weZ51M26r6ihf8c7eegxNn1LoB5t,324,12
968,K,7/1/2019,7/25/2018,40,3,1BmRABDkXLV1gSLR8NkbdzKTgKjEy6pXeg,257,100
969,N,9/10/2019,10/27/2018,77,6,199SvFomgZbmQ672ZfYgdzCDFQP8mbLMq,17,63
970,C,10/16/2019,8/20/2018,77,1,1E17xRwMmJmVuYUQSc2r9kqt7MjURcLNu4,230,29
971,J,6/28/2019,4/6/2019,33,6,1Ledd3nez6CHwkpjdiztLi61rqJ5bkZUJe,978,66
972,L,11/10/2019,7/11/2018,49,5,1Ha862DSzUJQsCFUHqE62t4nJRULWU6UFH,356,33
973,F,7/31/2019,4/15/2019,92,5,1U6BoA2hxtYXzDy2Pp8AZRe6BFumH9n3P,197,64
974,G,8/20/2019,3/2/2019,32,6,1LrK5KZZzm46QrJo5EGCBKGfGxbuRY48E2,944,60
975,L,9/8/2019,1/5/2019,74,9,1Hq5giyaX63DPs5ZksPa3tLqMNMuZ9erim,654,49
976,A,6/10/2019,10/17/2018,55,9,18AqKUUFScDM4q8b7SkgWdrdiRR7NqwHev,574,73
977,N,9/10/2019,8/23/2018,60,4,1MkhFcvdrydGS2xpdWWvbV8G3matEqP9Mo,101,39
978,G,7/4/2019,10/28/2018,77,10,1zbneFLiFejw5cdvDWmWvYuARi5sfgLy7,744,19
979,O,8/21/2019,11/6/2018,4,4,1PwxDijdwXWpfmXS7azui5H4d6xy4NT5fr,211,7
980,A,6/20/2019,12/22/2018,28,10,1G8ScruFUFbQC2BAs96wXmpoBiUqohQoB2,813,48
981,L,9/8/2019,9/7/2018,21,6,16h94nxVkLtxxTUPDgkQUUwWjDXdxkS8tf,683,14
982,P,9/12/2019,2/22/2019,82,5,1FdszUN63CDhxLvuPRxq853Ajjw88JAftG,386,31
983,K,10/5/2019,2/12/2019,37,4,1CXAyFu2oPEFAYuKwqAHmDk9nHijSQKjYd,363,90
984,P,7/7/2019,1/19/2019,25,7,1sfsxK95RJX37z6trLjAot4GZsLdyuF4X,360,37
985,C,7/15/2019,5/14/2018,12,9,12dsmHVKgbAnkNYGvtehA1kzoob6E9Fn8X,787,30
986,K,10/25/2019,3/6/2019,75,9,1EJgcZcdejYWZ3Sux5bRb1v776uavsVRNw,807,1
987,F,9/23/2019,3/5/2019,16,3,1GtDjLWzccPMKBjTAFdzKeyY2nBDMHwRLL,411,70
988,D,11/19/2019,6/23/2018,66,6,1KPjv3cNGCyLNeNMiL8mtYZCYjAULx7gao,833,71
989,B,9/8/2019,1/15/2019,6,6,142wxwSrzrEkecE33V3FLeQJxxHBP5L6EF,964,92
990,N,10/21/2019,9/9/2018,21,2,1NeNWpfb2668zRB8zXSth4WwGJL7C32qyT,332,92
991,N,11/8/2019,1/13/2019,99,10,1KEqkg3RS8o9D6nfJQv1g7DCzbT3rmqEwq,46,52
992,O,7/20/2019,12/23/2018,32,8,1CfDdJhTibyVHesWmnG8mvWKws8tz5gUzh,528,79
993,B,10/28/2019,1/6/2019,65,8,18njDa8fS3SmnFDTFc4nxjn7zDWHgcBYXs,510,28
994,M,9/6/2019,4/11/2019,92,7,18Eo6fyV9SsHkLtSnQxdFZN94iVAmP7iH1,851,55
995,O,10/5/2019,1/2/2019,88,6,1CCyDu5XRrsLujYdQCqpqYJF3ofFiAD89k,88,72
996,G,10/14/2019,9/6/2018,81,6,1HxUwGTBknngziVqJjaPTBPmTuNZa2b2Sq,368,70
997,E,7/21/2019,6/1/2018,39,4,1KL5P74h9ohyJzQ4LfUds97JP9VmUW9EMy,166,46
998,K,10/4/2019,3/17/2019,22,2,1N74LZePYfLJWDtumNsDfohzk5JEs18KxJ,952,26
999,L,10/16/2019,12/6/2018,99,6,1DvXqgeSmWwzhK4rEQL4pBcNeME1bJLCQY,34,59
1000,C,9/6/2019,10/27/2018,34,4,1B9LPiY9xsRGMqeFVLacruDyANAnkcXp1G,168,61
